-- phpMyAdmin SQL Dump
-- version 3.4.11.1deb1
-- http://www.phpmyadmin.net
--
-- Host: localhost
-- Generation Time: Aug 04, 2013 at 02:28 PM
-- Server version: 5.5.31
-- PHP Version: 5.4.6-1ubuntu1.3

SET SQL_MODE="NO_AUTO_VALUE_ON_ZERO";
SET time_zone = "+00:00";


/*!40101 SET @OLD_CHARACTER_SET_CLIENT=@@CHARACTER_SET_CLIENT */;
/*!40101 SET @OLD_CHARACTER_SET_RESULTS=@@CHARACTER_SET_RESULTS */;
/*!40101 SET @OLD_COLLATION_CONNECTION=@@COLLATION_CONNECTION */;
/*!40101 SET NAMES utf8 */;

--
-- Database: `cbt`
--

-- --------------------------------------------------------

--
-- Table structure for table `device`
--

CREATE TABLE IF NOT EXISTS `device` (
  `id` bigint(11) NOT NULL AUTO_INCREMENT,
  `serial_number` char(255) NOT NULL,
  `owner_id` bigint(20) NOT NULL,
  `device_unique_id` char(255) NOT NULL,
  `device_type_id` bigint(20) NOT NULL,
  `state` enum('ONLINE','OFFLINE') NOT NULL DEFAULT 'OFFLINE',
  `device_os_id` bigint(50) NOT NULL,
  `updated` timestamp NOT NULL DEFAULT CURRENT_TIMESTAMP ON UPDATE CURRENT_TIMESTAMP,
  PRIMARY KEY (`id`),
  UNIQUE KEY `deviceunique_id` (`device_unique_id`)
) ENGINE=InnoDB  DEFAULT CHARSET=latin1 AUTO_INCREMENT=243 ;

--
-- Dumping data for table `device`
--

INSERT INTO `device` (`id`, `serial_number`, `owner_id`, `device_unique_id`, `device_type_id`, `state`, `device_os_id`, `updated`) VALUES
(235, 'emulator-5554', 36, '1799de37a8fbedd5b1539481983f1d44', 12, 'OFFLINE', 1, '2013-06-05 23:14:07'),
(240, 'emulator-5556', 36, '037f49faddb82b2821592c069a8acf54', 12, 'OFFLINE', 1, '2013-06-05 23:14:11'),
(241, 'emulator-5558', 36, '0173b230faa029f962102d8db44dd79f', 12, 'OFFLINE', 1, '2013-06-05 23:14:06'),
(242, 'emulator-5560', 36, '40a16f06aad83d2271d81ba230e175ec', 12, 'OFFLINE', 1, '2013-06-05 23:14:07');

-- --------------------------------------------------------

--
-- Table structure for table `device_job`
--

CREATE TABLE IF NOT EXISTS `device_job` (
  `id` bigint(20) NOT NULL AUTO_INCREMENT,
  `device_id` bigint(20) NOT NULL,
  `test_run_id` bigint(20) NOT NULL,
  `created` datetime NOT NULL,
  `updated` timestamp NOT NULL DEFAULT CURRENT_TIMESTAMP ON UPDATE CURRENT_TIMESTAMP,
  `status` enum('WAITING','CHECKEDOUT','RUNNING','FINISHED') NOT NULL DEFAULT 'WAITING',
  `meta` text,
  PRIMARY KEY (`id`),
  KEY `device_id` (`device_id`)
) ENGINE=InnoDB  DEFAULT CHARSET=latin1 AUTO_INCREMENT=154 ;

--
-- Dumping data for table `device_job`
--

INSERT INTO `device_job` (`id`, `device_id`, `test_run_id`, `created`, `updated`, `status`, `meta`) VALUES
(129, 235, 125, '2013-06-06 00:33:04', '2013-06-05 22:33:45', 'FINISHED', '{"testClasses":["com.test.TestButton1","com.test.TestButton2","com.test.TestButton3","com.test.TestButton4"]}'),
(130, 235, 126, '2013-06-06 00:35:36', '2013-06-05 22:36:03', 'FINISHED', '{"testClasses":["com.test.TestButton1","com.test.TestButton2","com.test.TestButton3","com.test.TestButton4"]}'),
(131, 235, 127, '2013-06-06 00:41:12', '2013-06-05 22:41:44', 'FINISHED', '{"testClasses":["com.test.TestButton1","com.test.TestButton2","com.test.TestButton3","com.test.TestButton4"]}'),
(132, 235, 128, '2013-06-06 00:54:52', '2013-06-05 22:55:24', 'FINISHED', '{"testClasses":["com.test.TestButton1","com.test.TestButton2","com.test.TestButton3","com.test.TestButton4"]}'),
(133, 235, 129, '2013-06-06 01:01:02', '2013-06-05 23:01:34', 'FINISHED', '{"testClasses":["com.test.TestButton1","com.test.TestButton2","com.test.TestButton3","com.test.TestButton4"]}'),
(134, 235, 130, '2013-06-06 01:01:40', '2013-06-05 23:02:09', 'FINISHED', '{"testClasses":["com.test.TestButton1","com.test.TestButton2","com.test.TestButton3","com.test.TestButton4"]}'),
(135, 235, 131, '2013-06-06 01:02:48', '2013-06-05 23:03:18', 'FINISHED', '{"testClasses":["com.test.TestButton1","com.test.TestButton2","com.test.TestButton3","com.test.TestButton4"]}'),
(136, 235, 132, '2013-06-06 01:03:39', '2013-06-05 23:03:56', 'FINISHED', '{"testClasses":["com.test.TestButton1","com.test.TestButton2"]}'),
(137, 240, 132, '2013-06-06 01:03:39', '2013-06-05 23:03:56', 'FINISHED', '{"testClasses":["com.test.TestButton3","com.test.TestButton4"]}'),
(138, 235, 133, '2013-06-06 01:04:08', '2013-06-05 23:04:25', 'FINISHED', '{"testClasses":["com.test.TestButton1","com.test.TestButton2"]}'),
(139, 240, 133, '2013-06-06 01:04:08', '2013-06-05 23:04:25', 'FINISHED', '{"testClasses":["com.test.TestButton3","com.test.TestButton4"]}'),
(140, 235, 134, '2013-06-06 01:04:10', '2013-06-05 23:04:40', 'FINISHED', '{"testClasses":["com.test.TestButton1","com.test.TestButton2"]}'),
(141, 240, 134, '2013-06-06 01:04:10', '2013-06-05 23:04:40', 'FINISHED', '{"testClasses":["com.test.TestButton3","com.test.TestButton4"]}'),
(142, 235, 135, '2013-06-06 01:06:43', '2013-06-05 23:06:54', 'FINISHED', '{"testClasses":["com.test.TestButton1"]}'),
(143, 240, 135, '2013-06-06 01:06:43', '2013-06-05 23:06:54', 'FINISHED', '{"testClasses":["com.test.TestButton2"]}'),
(144, 241, 135, '2013-06-06 01:06:43', '2013-06-05 23:06:55', 'FINISHED', '{"testClasses":["com.test.TestButton3"]}'),
(145, 242, 135, '2013-06-06 01:06:43', '2013-06-05 23:06:55', 'FINISHED', '{"testClasses":["com.test.TestButton4"]}'),
(146, 235, 136, '2013-06-06 01:07:09', '2013-06-05 23:07:19', 'FINISHED', '{"testClasses":["com.test.TestButton1"]}'),
(147, 240, 136, '2013-06-06 01:07:09', '2013-06-05 23:07:19', 'FINISHED', '{"testClasses":["com.test.TestButton2"]}'),
(148, 241, 136, '2013-06-06 01:07:09', '2013-06-05 23:07:19', 'FINISHED', '{"testClasses":["com.test.TestButton3"]}'),
(149, 242, 136, '2013-06-06 01:07:09', '2013-06-05 23:07:19', 'FINISHED', '{"testClasses":["com.test.TestButton4"]}'),
(150, 235, 137, '2013-06-06 01:08:16', '2013-06-05 23:08:47', 'FINISHED', '{"testClasses":["com.test.TestButton1","com.test.TestButton2","com.test.TestButton3","com.test.TestButton4"]}'),
(151, 240, 137, '2013-06-06 01:08:16', '2013-06-05 23:08:46', 'FINISHED', '{"testClasses":["com.test.TestButton1","com.test.TestButton2","com.test.TestButton3","com.test.TestButton4"]}'),
(152, 241, 137, '2013-06-06 01:08:16', '2013-06-05 23:08:45', 'FINISHED', '{"testClasses":["com.test.TestButton1","com.test.TestButton2","com.test.TestButton3","com.test.TestButton4"]}'),
(153, 242, 137, '2013-06-06 01:08:16', '2013-06-05 23:08:46', 'FINISHED', '{"testClasses":["com.test.TestButton1","com.test.TestButton2","com.test.TestButton3","com.test.TestButton4"]}');

-- --------------------------------------------------------

--
-- Table structure for table `device_job_result`
--

CREATE TABLE IF NOT EXISTS `device_job_result` (
  `devicejobresult_id` bigint(20) NOT NULL AUTO_INCREMENT,
  `created` timestamp NOT NULL DEFAULT CURRENT_TIMESTAMP ON UPDATE CURRENT_TIMESTAMP,
  `devicejobid` bigint(20) NOT NULL,
  `state` enum('PASSED','FAILED') NOT NULL,
  `testsRun` int(11) NOT NULL,
  `testsFailed` int(11) NOT NULL,
  `testsErrors` int(11) NOT NULL,
  `output` text NOT NULL,
  PRIMARY KEY (`devicejobresult_id`)
) ENGINE=InnoDB  DEFAULT CHARSET=latin1 AUTO_INCREMENT=114 ;

--
-- Dumping data for table `device_job_result`
--

INSERT INTO `device_job_result` (`devicejobresult_id`, `created`, `devicejobid`, `state`, `testsRun`, `testsFailed`, `testsErrors`, `output`) VALUES
(22, '2013-04-07 14:34:32', 4, 'FAILED', 1, 0, 1, 'INSTRUMENTATION_STATUS: current=1\r\nINSTRUMENTATION_STATUS: id=UiAutomatorTestRunner\r\nINSTRUMENTATION_STATUS: class=com.test.UIPushButtonTest\r\nINSTRUMENTATION_STATUS: stream=\r\ncom.test.UIPushButtonTest:\r\nINSTRUMENTATION_STATUS: numtests=1\r\nINSTRUMENTATION_STATUS: test=test1\r\nINSTRUMENTATION_STATUS_CODE: 1\r\nINSTRUMENTATION_STATUS: current=1\r\nINSTRUMENTATION_STATUS: id=UiAutomatorTestRunner\r\nINSTRUMENTATION_STATUS: class=com.test.UIPushButtonTest\r\nINSTRUMENTATION_STATUS: stream=\r\nError in test1:\r\ncom.android.uiautomator.core.UiObjectNotFoundException: for text= "OneButton"\r\n	at com.android.uiautomator.core.UiCollection.getChildByText(UiCollection.java:113)\r\n	at com.android.uiautomator.core.UiScrollable.getChildByText(UiScrollable.java:185)\r\n	at com.android.uiautomator.core.UiScrollable.getChildByText(UiScrollable.java:166)\r\n	at com.test.UIPushButtonTest.test1(UIPushButtonTest.java:58)\r\n	at java.lang.reflect.Method.invokeNative(Native Method)\r\n	at com.android.uiautomator.testrunner.UiAutomatorTestRunner.start(UiAutomatorTestRunner.java:124)\r\n	at com.android.uiautomator.testrunner.UiAutomatorTestRunner.run(UiAutomatorTestRunner.java:85)\r\n	at com.android.commands.uiautomator.RunTestCommand.run(RunTestCommand.java:76)\r\n	at com.android.commands.uiautomator.Launcher.main(Launcher.java:83)\r\n	at com.android.internal.os.RuntimeInit.nativeFinishInit(Native Method)\r\n	at com.android.internal.os.RuntimeInit.main(RuntimeInit.java:235)\r\n	at dalvik.system.NativeStart.main(Native Method)\r\n\r\nINSTRUMENTATION_STATUS: numtests=1\r\nINSTRUMENTATION_STATUS: stack=com.android.uiautomator.core.UiObjectNotFoundException: for text= "OneButton"\r\n	at com.android.uiautomator.core.UiCollection.getChildByText(UiCollection.java:113)\r\n	at com.android.uiautomator.core.UiScrollable.getChildByText(UiScrollable.java:185)\r\n	at com.android.uiautomator.core.UiScrollable.getChildByText(UiScrollable.java:166)\r\n	at com.test.UIPushButtonTest.test1(UIPushButtonTest.java:58)\r\n	at java.lang.reflect.Method.invokeNative(Native Method)\r\n	at com.android.uiautomator.testrunner.UiAutomatorTestRunner.start(UiAutomatorTestRunner.java:124)\r\n	at com.android.uiautomator.testrunner.UiAutomatorTestRunner.run(UiAutomatorTestRunner.java:85)\r\n	at com.android.commands.uiautomator.RunTestCommand.run(RunTestCommand.java:76)\r\n	at com.android.commands.uiautomator.Launcher.main(Launcher.java:83)\r\n	at com.android.internal.os.RuntimeInit.nativeFinishInit(Native Method)\r\n	at com.android.internal.os.RuntimeInit.main(RuntimeInit.java:235)\r\n	at dalvik.system.NativeStart.main(Native Method)\r\n\r\nINSTRUMENTATION_STATUS: test=test1\r\nINSTRUMENTATION_STATUS_CODE: -1\r\nINSTRUMENTATION_STATUS: stream=\r\nTest results for UiAutomatorTestRunner=.E\r\nTime: 23.189\r\n\r\nFAILURES!!!\r\nTests run: 1,  Failures: 0,  Errors: 1\r\n\r\n\r\nINSTRUMENTATION_STATUS_CODE: -1\r\n'),
(24, '2013-04-07 15:07:19', 1, 'FAILED', 1, 2, 3, 'dasdasd'),
(25, '2013-04-07 15:07:51', 5, 'FAILED', 1, 2, 3, 'dasdasd'),
(28, '2013-04-07 15:15:23', 6, 'FAILED', 1, 2, 3, 'dasdasd'),
(29, '2013-04-07 15:17:15', 10, 'FAILED', 1, 0, 1, 'INSTRUMENTATION_STATUS: current=1\r\nINSTRUMENTATION_STATUS: id=UiAutomatorTestRunner\r\nINSTRUMENTATION_STATUS: class=com.test.UIPushButtonTest\r\nINSTRUMENTATION_STATUS: stream=\r\ncom.test.UIPushButtonTest:\r\nINSTRUMENTATION_STATUS: numtests=1\r\nINSTRUMENTATION_STATUS: test=test1\r\nINSTRUMENTATION_STATUS_CODE: 1\r\nINSTRUMENTATION_STATUS: current=1\r\nINSTRUMENTATION_STATUS: id=UiAutomatorTestRunner\r\nINSTRUMENTATION_STATUS: class=com.test.UIPushButtonTest\r\nINSTRUMENTATION_STATUS: stream=\r\nError in test1:\r\ncom.android.uiautomator.core.UiObjectNotFoundException: for text= "OneButton"\r\n	at com.android.uiautomator.core.UiCollection.getChildByText(UiCollection.java:113)\r\n	at com.android.uiautomator.core.UiScrollable.getChildByText(UiScrollable.java:185)\r\n	at com.android.uiautomator.core.UiScrollable.getChildByText(UiScrollable.java:166)\r\n	at com.test.UIPushButtonTest.test1(UIPushButtonTest.java:58)\r\n	at java.lang.reflect.Method.invokeNative(Native Method)\r\n	at com.android.uiautomator.testrunner.UiAutomatorTestRunner.start(UiAutomatorTestRunner.java:124)\r\n	at com.android.uiautomator.testrunner.UiAutomatorTestRunner.run(UiAutomatorTestRunner.java:85)\r\n	at com.android.commands.uiautomator.RunTestCommand.run(RunTestCommand.java:76)\r\n	at com.android.commands.uiautomator.Launcher.main(Launcher.java:83)\r\n	at com.android.internal.os.RuntimeInit.nativeFinishInit(Native Method)\r\n	at com.android.internal.os.RuntimeInit.main(RuntimeInit.java:235)\r\n	at dalvik.system.NativeStart.main(Native Method)\r\n\r\nINSTRUMENTATION_STATUS: numtests=1\r\nINSTRUMENTATION_STATUS: stack=com.android.uiautomator.core.UiObjectNotFoundException: for text= "OneButton"\r\n	at com.android.uiautomator.core.UiCollection.getChildByText(UiCollection.java:113)\r\n	at com.android.uiautomator.core.UiScrollable.getChildByText(UiScrollable.java:185)\r\n	at com.android.uiautomator.core.UiScrollable.getChildByText(UiScrollable.java:166)\r\n	at com.test.UIPushButtonTest.test1(UIPushButtonTest.java:58)\r\n	at java.lang.reflect.Method.invokeNative(Native Method)\r\n	at com.android.uiautomator.testrunner.UiAutomatorTestRunner.start(UiAutomatorTestRunner.java:124)\r\n	at com.android.uiautomator.testrunner.UiAutomatorTestRunner.run(UiAutomatorTestRunner.java:85)\r\n	at com.android.commands.uiautomator.RunTestCommand.run(RunTestCommand.java:76)\r\n	at com.android.commands.uiautomator.Launcher.main(Launcher.java:83)\r\n	at com.android.internal.os.RuntimeInit.nativeFinishInit(Native Method)\r\n	at com.android.internal.os.RuntimeInit.main(RuntimeInit.java:235)\r\n	at dalvik.system.NativeStart.main(Native Method)\r\n\r\nINSTRUMENTATION_STATUS: test=test1\r\nINSTRUMENTATION_STATUS_CODE: -1\r\nINSTRUMENTATION_STATUS: stream=\r\nTest results for UiAutomatorTestRunner=.E\r\nTime: 21.117\r\n\r\nFAILURES!!!\r\nTests run: 1,  Failures: 0,  Errors: 1\r\n\r\n\r\nINSTRUMENTATION_STATUS_CODE: -1\r\n'),
(30, '2013-04-07 15:22:45', 11, 'FAILED', 1, 0, 1, 'INSTRUMENTATION_STATUS: current=1\r\nINSTRUMENTATION_STATUS: id=UiAutomatorTestRunner\r\nINSTRUMENTATION_STATUS: class=com.test.UIPushButtonTest\r\nINSTRUMENTATION_STATUS: stream=\r\ncom.test.UIPushButtonTest:\r\nINSTRUMENTATION_STATUS: numtests=1\r\nINSTRUMENTATION_STATUS: test=test1\r\nINSTRUMENTATION_STATUS_CODE: 1\r\nINSTRUMENTATION_STATUS: current=1\r\nINSTRUMENTATION_STATUS: id=UiAutomatorTestRunner\r\nINSTRUMENTATION_STATUS: class=com.test.UIPushButtonTest\r\nINSTRUMENTATION_STATUS: stream=\r\nError in test1:\r\ncom.android.uiautomator.core.UiObjectNotFoundException: for text= "OneButton"\r\n	at com.android.uiautomator.core.UiCollection.getChildByText(UiCollection.java:113)\r\n	at com.android.uiautomator.core.UiScrollable.getChildByText(UiScrollable.java:185)\r\n	at com.android.uiautomator.core.UiScrollable.getChildByText(UiScrollable.java:166)\r\n	at com.test.UIPushButtonTest.test1(UIPushButtonTest.java:58)\r\n	at java.lang.reflect.Method.invokeNative(Native Method)\r\n	at com.android.uiautomator.testrunner.UiAutomatorTestRunner.start(UiAutomatorTestRunner.java:124)\r\n	at com.android.uiautomator.testrunner.UiAutomatorTestRunner.run(UiAutomatorTestRunner.java:85)\r\n	at com.android.commands.uiautomator.RunTestCommand.run(RunTestCommand.java:76)\r\n	at com.android.commands.uiautomator.Launcher.main(Launcher.java:83)\r\n	at com.android.internal.os.RuntimeInit.nativeFinishInit(Native Method)\r\n	at com.android.internal.os.RuntimeInit.main(RuntimeInit.java:235)\r\n	at dalvik.system.NativeStart.main(Native Method)\r\n\r\nINSTRUMENTATION_STATUS: numtests=1\r\nINSTRUMENTATION_STATUS: stack=com.android.uiautomator.core.UiObjectNotFoundException: for text= "OneButton"\r\n	at com.android.uiautomator.core.UiCollection.getChildByText(UiCollection.java:113)\r\n	at com.android.uiautomator.core.UiScrollable.getChildByText(UiScrollable.java:185)\r\n	at com.android.uiautomator.core.UiScrollable.getChildByText(UiScrollable.java:166)\r\n	at com.test.UIPushButtonTest.test1(UIPushButtonTest.java:58)\r\n	at java.lang.reflect.Method.invokeNative(Native Method)\r\n	at com.android.uiautomator.testrunner.UiAutomatorTestRunner.start(UiAutomatorTestRunner.java:124)\r\n	at com.android.uiautomator.testrunner.UiAutomatorTestRunner.run(UiAutomatorTestRunner.java:85)\r\n	at com.android.commands.uiautomator.RunTestCommand.run(RunTestCommand.java:76)\r\n	at com.android.commands.uiautomator.Launcher.main(Launcher.java:83)\r\n	at com.android.internal.os.RuntimeInit.nativeFinishInit(Native Method)\r\n	at com.android.internal.os.RuntimeInit.main(RuntimeInit.java:235)\r\n	at dalvik.system.NativeStart.main(Native Method)\r\n\r\nINSTRUMENTATION_STATUS: test=test1\r\nINSTRUMENTATION_STATUS_CODE: -1\r\nINSTRUMENTATION_STATUS: stream=\r\nTest results for UiAutomatorTestRunner=.E\r\nTime: 23.418\r\n\r\nFAILURES!!!\r\nTests run: 1,  Failures: 0,  Errors: 1\r\n\r\n\r\nINSTRUMENTATION_STATUS_CODE: -1\r\n'),
(31, '2013-04-18 23:29:40', 12, 'FAILED', 1, 0, 1, 'INSTRUMENTATION_STATUS: current=1\r\nINSTRUMENTATION_STATUS: id=UiAutomatorTestRunner\r\nINSTRUMENTATION_STATUS: class=com.test.UIPushButtonTest\r\nINSTRUMENTATION_STATUS: stream=\r\ncom.test.UIPushButtonTest:\r\nINSTRUMENTATION_STATUS: numtests=1\r\nINSTRUMENTATION_STATUS: test=test1\r\nINSTRUMENTATION_STATUS_CODE: 1\r\nINSTRUMENTATION_STATUS: current=1\r\nINSTRUMENTATION_STATUS: id=UiAutomatorTestRunner\r\nINSTRUMENTATION_STATUS: class=com.test.UIPushButtonTest\r\nINSTRUMENTATION_STATUS: stream=\r\nError in test1:\r\ncom.android.uiautomator.core.UiObjectNotFoundException: UiSelector[DESCRIPTION=Apps]\r\n	at com.android.uiautomator.core.UiObject.clickAndWaitForNewWindow(UiObject.java:337)\r\n	at com.android.uiautomator.core.UiObject.clickAndWaitForNewWindow(UiObject.java:317)\r\n	at com.test.UIPushButtonTest.test1(UIPushButtonTest.java:37)\r\n	at java.lang.reflect.Method.invokeNative(Native Method)\r\n	at com.android.uiautomator.testrunner.UiAutomatorTestRunner.start(UiAutomatorTestRunner.java:124)\r\n	at com.android.uiautomator.testrunner.UiAutomatorTestRunner.run(UiAutomatorTestRunner.java:85)\r\n	at com.android.commands.uiautomator.RunTestCommand.run(RunTestCommand.java:76)\r\n	at com.android.commands.uiautomator.Launcher.main(Launcher.java:83)\r\n	at com.android.internal.os.RuntimeInit.nativeFinishInit(Native Method)\r\n	at com.android.internal.os.RuntimeInit.main(RuntimeInit.java:235)\r\n	at dalvik.system.NativeStart.main(Native Method)\r\n\r\nINSTRUMENTATION_STATUS: numtests=1\r\nINSTRUMENTATION_STATUS: stack=com.android.uiautomator.core.UiObjectNotFoundException: UiSelector[DESCRIPTION=Apps]\r\n	at com.android.uiautomator.core.UiObject.clickAndWaitForNewWindow(UiObject.java:337)\r\n	at com.android.uiautomator.core.UiObject.clickAndWaitForNewWindow(UiObject.java:317)\r\n	at com.test.UIPushButtonTest.test1(UIPushButtonTest.java:37)\r\n	at java.lang.reflect.Method.invokeNative(Native Method)\r\n	at com.android.uiautomator.testrunner.UiAutomatorTestRunner.start(UiAutomatorTestRunner.java:124)\r\n	at com.android.uiautomator.testrunner.UiAutomatorTestRunner.run(UiAutomatorTestRunner.java:85)\r\n	at com.android.commands.uiautomator.RunTestCommand.run(RunTestCommand.java:76)\r\n	at com.android.commands.uiautomator.Launcher.main(Launcher.java:83)\r\n	at com.android.internal.os.RuntimeInit.nativeFinishInit(Native Method)\r\n	at com.android.internal.os.RuntimeInit.main(RuntimeInit.java:235)\r\n	at dalvik.system.NativeStart.main(Native Method)\r\n\r\nINSTRUMENTATION_STATUS: test=test1\r\nINSTRUMENTATION_STATUS_CODE: -1\r\nINSTRUMENTATION_STATUS: stream=\r\nTest results for UiAutomatorTestRunner=.E\r\nTime: 13.828\r\n\r\nFAILURES!!!\r\nTests run: 1,  Failures: 0,  Errors: 1\r\n\r\n\r\nINSTRUMENTATION_STATUS_CODE: -1\r\n'),
(32, '2013-05-04 19:09:02', 18, 'FAILED', 1, 0, 1, 'INSTRUMENTATION_STATUS: current=1\r\nINSTRUMENTATION_STATUS: id=UiAutomatorTestRunner\r\nINSTRUMENTATION_STATUS: class=com.test.TestButton1\r\nINSTRUMENTATION_STATUS: stream=\r\ncom.test.TestButton1:\r\nINSTRUMENTATION_STATUS: numtests=1\r\nINSTRUMENTATION_STATUS: test=test1\r\nINSTRUMENTATION_STATUS_CODE: 1\r\nINSTRUMENTATION_STATUS: current=1\r\nINSTRUMENTATION_STATUS: id=UiAutomatorTestRunner\r\nINSTRUMENTATION_STATUS: class=com.test.TestButton1\r\nINSTRUMENTATION_STATUS: stream=\r\nError in test1:\r\ncom.android.uiautomator.core.UiObjectNotFoundException: UiSelector[DESCRIPTION=Apps]\r\n	at com.android.uiautomator.core.UiObject.clickAndWaitForNewWindow(UiObject.java:337)\r\n	at com.android.uiautomator.core.UiObject.clickAndWaitForNewWindow(UiObject.java:317)\r\n	at com.test.Helper.findAppWithName(Helper.java:19)\r\n	at com.test.TestButton1.test1(TestButton1.java:25)\r\n	at java.lang.reflect.Method.invokeNative(Native Method)\r\n	at com.android.uiautomator.testrunner.UiAutomatorTestRunner.start(UiAutomatorTestRunner.java:124)\r\n	at com.android.uiautomator.testrunner.UiAutomatorTestRunner.run(UiAutomatorTestRunner.java:85)\r\n	at com.android.commands.uiautomator.RunTestCommand.run(RunTestCommand.java:76)\r\n	at com.android.commands.uiautomator.Launcher.main(Launcher.java:83)\r\n	at com.android.internal.os.RuntimeInit.nativeFinishInit(Native Method)\r\n	at com.android.internal.os.RuntimeInit.main(RuntimeInit.java:235)\r\n	at dalvik.system.NativeStart.main(Native Method)\r\n\r\nINSTRUMENTATION_STATUS: numtests=1\r\nINSTRUMENTATION_STATUS: stack=com.android.uiautomator.core.UiObjectNotFoundException: UiSelector[DESCRIPTION=Apps]\r\n	at com.android.uiautomator.core.UiObject.clickAndWaitForNewWindow(UiObject.java:337)\r\n	at com.android.uiautomator.core.UiObject.clickAndWaitForNewWindow(UiObject.java:317)\r\n	at com.test.Helper.findAppWithName(Helper.java:19)\r\n	at com.test.TestButton1.test1(TestButton1.java:25)\r\n	at java.lang.reflect.Method.invokeNative(Native Method)\r\n	at com.android.uiautomator.testrunner.UiAutomatorTestRunner.start(UiAutomatorTestRunner.java:124)\r\n	at com.android.uiautomator.testrunner.UiAutomatorTestRunner.run(UiAutomatorTestRunner.java:85)\r\n	at com.android.commands.uiautomator.RunTestCommand.run(RunTestCommand.java:76)\r\n	at com.android.commands.uiautomator.Launcher.main(Launcher.java:83)\r\n	at com.android.internal.os.RuntimeInit.nativeFinishInit(Native Method)\r\n	at com.android.internal.os.RuntimeInit.main(RuntimeInit.java:235)\r\n	at dalvik.system.NativeStart.main(Native Method)\r\n\r\nINSTRUMENTATION_STATUS: test=test1\r\nINSTRUMENTATION_STATUS_CODE: -1\r\nINSTRUMENTATION_STATUS: stream=\r\nTest results for UiAutomatorTestRunner=.E\r\nTime: 14.852\r\n\r\nFAILURES!!!\r\nTests run: 1,  Failures: 0,  Errors: 1\r\n\r\n\r\nINSTRUMENTATION_STATUS_CODE: -1\r\n'),
(33, '2013-05-04 19:22:05', 35, 'FAILED', 1, 0, 1, 'INSTRUMENTATION_STATUS: current=1\r\nINSTRUMENTATION_STATUS: id=UiAutomatorTestRunner\r\nINSTRUMENTATION_STATUS: class=com.test.TestButton1\r\nINSTRUMENTATION_STATUS: stream=\r\ncom.test.TestButton1:\r\nINSTRUMENTATION_STATUS: numtests=1\r\nINSTRUMENTATION_STATUS: test=test1\r\nINSTRUMENTATION_STATUS_CODE: 1\r\nINSTRUMENTATION_STATUS: current=1\r\nINSTRUMENTATION_STATUS: id=UiAutomatorTestRunner\r\nINSTRUMENTATION_STATUS: class=com.test.TestButton1\r\nINSTRUMENTATION_STATUS: stream=\r\nError in test1:\r\ncom.android.uiautomator.core.UiObjectNotFoundException: UiSelector[DESCRIPTION=Apps]\r\n	at com.android.uiautomator.core.UiObject.clickAndWaitForNewWindow(UiObject.java:337)\r\n	at com.android.uiautomator.core.UiObject.clickAndWaitForNewWindow(UiObject.java:317)\r\n	at com.test.Helper.findAppWithName(Helper.java:19)\r\n	at com.test.TestButton1.test1(TestButton1.java:25)\r\n	at java.lang.reflect.Method.invokeNative(Native Method)\r\n	at com.android.uiautomator.testrunner.UiAutomatorTestRunner.start(UiAutomatorTestRunner.java:124)\r\n	at com.android.uiautomator.testrunner.UiAutomatorTestRunner.run(UiAutomatorTestRunner.java:85)\r\n	at com.android.commands.uiautomator.RunTestCommand.run(RunTestCommand.java:76)\r\n	at com.android.commands.uiautomator.Launcher.main(Launcher.java:83)\r\n	at com.android.internal.os.RuntimeInit.nativeFinishInit(Native Method)\r\n	at com.android.internal.os.RuntimeInit.main(RuntimeInit.java:235)\r\n	at dalvik.system.NativeStart.main(Native Method)\r\n\r\nINSTRUMENTATION_STATUS: numtests=1\r\nINSTRUMENTATION_STATUS: stack=com.android.uiautomator.core.UiObjectNotFoundException: UiSelector[DESCRIPTION=Apps]\r\n	at com.android.uiautomator.core.UiObject.clickAndWaitForNewWindow(UiObject.java:337)\r\n	at com.android.uiautomator.core.UiObject.clickAndWaitForNewWindow(UiObject.java:317)\r\n	at com.test.Helper.findAppWithName(Helper.java:19)\r\n	at com.test.TestButton1.test1(TestButton1.java:25)\r\n	at java.lang.reflect.Method.invokeNative(Native Method)\r\n	at com.android.uiautomator.testrunner.UiAutomatorTestRunner.start(UiAutomatorTestRunner.java:124)\r\n	at com.android.uiautomator.testrunner.UiAutomatorTestRunner.run(UiAutomatorTestRunner.java:85)\r\n	at com.android.commands.uiautomator.RunTestCommand.run(RunTestCommand.java:76)\r\n	at com.android.commands.uiautomator.Launcher.main(Launcher.java:83)\r\n	at com.android.internal.os.RuntimeInit.nativeFinishInit(Native Method)\r\n	at com.android.internal.os.RuntimeInit.main(RuntimeInit.java:235)\r\n	at dalvik.system.NativeStart.main(Native Method)\r\n\r\nINSTRUMENTATION_STATUS: test=test1\r\nINSTRUMENTATION_STATUS_CODE: -1\r\nINSTRUMENTATION_STATUS: stream=\r\nTest results for UiAutomatorTestRunner=.E\r\nTime: 14.747\r\n\r\nFAILURES!!!\r\nTests run: 1,  Failures: 0,  Errors: 1\r\n\r\n\r\nINSTRUMENTATION_STATUS_CODE: -1\r\n'),
(34, '2013-05-04 19:24:52', 37, 'PASSED', 1, 0, 0, 'INSTRUMENTATION_STATUS: current=1\r\nINSTRUMENTATION_STATUS: id=UiAutomatorTestRunner\r\nINSTRUMENTATION_STATUS: class=com.test.TestButton1\r\nINSTRUMENTATION_STATUS: stream=\r\ncom.test.TestButton1:\r\nINSTRUMENTATION_STATUS: numtests=1\r\nINSTRUMENTATION_STATUS: test=test1\r\nINSTRUMENTATION_STATUS_CODE: 1\r\nINSTRUMENTATION_STATUS: dp-height=800\r\nINSTRUMENTATION_STATUS: product=sdk_x86\r\nINSTRUMENTATION_STATUS: msg=Test was succesfull\r\nINSTRUMENTATION_STATUS: dp-width=480\r\nINSTRUMENTATION_STATUS_CODE: -1\r\nINSTRUMENTATION_STATUS: current=1\r\nINSTRUMENTATION_STATUS: id=UiAutomatorTestRunner\r\nINSTRUMENTATION_STATUS: class=com.test.TestButton1\r\nINSTRUMENTATION_STATUS: stream=.\r\nINSTRUMENTATION_STATUS: numtests=1\r\nINSTRUMENTATION_STATUS: test=test1\r\nINSTRUMENTATION_STATUS_CODE: 0\r\nINSTRUMENTATION_STATUS: stream=\r\nTest results for UiAutomatorTestRunner=.\r\nTime: 6.823\r\n\r\nOK (1 test)\r\n\r\n\r\nINSTRUMENTATION_STATUS_CODE: -1\r\n'),
(35, '2013-05-04 19:27:15', 40, 'PASSED', 1, 0, 0, 'INSTRUMENTATION_STATUS: current=1\r\nINSTRUMENTATION_STATUS: id=UiAutomatorTestRunner\r\nINSTRUMENTATION_STATUS: class=com.test.TestButton2\r\nINSTRUMENTATION_STATUS: stream=\r\ncom.test.TestButton2:\r\nINSTRUMENTATION_STATUS: numtests=1\r\nINSTRUMENTATION_STATUS: test=test1\r\nINSTRUMENTATION_STATUS_CODE: 1\r\nINSTRUMENTATION_STATUS: dp-height=800\r\nINSTRUMENTATION_STATUS: product=sdk_x86\r\nINSTRUMENTATION_STATUS: msg=Test was succesfull\r\nINSTRUMENTATION_STATUS: dp-width=480\r\nINSTRUMENTATION_STATUS_CODE: -1\r\nINSTRUMENTATION_STATUS: current=1\r\nINSTRUMENTATION_STATUS: id=UiAutomatorTestRunner\r\nINSTRUMENTATION_STATUS: class=com.test.TestButton2\r\nINSTRUMENTATION_STATUS: stream=.\r\nINSTRUMENTATION_STATUS: numtests=1\r\nINSTRUMENTATION_STATUS: test=test1\r\nINSTRUMENTATION_STATUS_CODE: 0\r\nINSTRUMENTATION_STATUS: stream=\r\nTest results for UiAutomatorTestRunner=.\r\nTime: 10.08\r\n\r\nOK (1 test)\r\n\r\n\r\nINSTRUMENTATION_STATUS_CODE: -1\r\n'),
(36, '2013-05-04 19:27:17', 39, 'PASSED', 1, 0, 0, 'INSTRUMENTATION_STATUS: current=1\r\nINSTRUMENTATION_STATUS: id=UiAutomatorTestRunner\r\nINSTRUMENTATION_STATUS: class=com.test.TestButton1\r\nINSTRUMENTATION_STATUS: stream=\r\ncom.test.TestButton1:\r\nINSTRUMENTATION_STATUS: numtests=1\r\nINSTRUMENTATION_STATUS: test=test1\r\nINSTRUMENTATION_STATUS_CODE: 1\r\nINSTRUMENTATION_STATUS: dp-height=800\r\nINSTRUMENTATION_STATUS: product=sdk_x86\r\nINSTRUMENTATION_STATUS: msg=Test was succesfull\r\nINSTRUMENTATION_STATUS: dp-width=480\r\nINSTRUMENTATION_STATUS_CODE: -1\r\nINSTRUMENTATION_STATUS: current=1\r\nINSTRUMENTATION_STATUS: id=UiAutomatorTestRunner\r\nINSTRUMENTATION_STATUS: class=com.test.TestButton1\r\nINSTRUMENTATION_STATUS: stream=.\r\nINSTRUMENTATION_STATUS: numtests=1\r\nINSTRUMENTATION_STATUS: test=test1\r\nINSTRUMENTATION_STATUS_CODE: 0\r\nINSTRUMENTATION_STATUS: stream=\r\nTest results for UiAutomatorTestRunner=.\r\nTime: 7.556\r\n\r\nOK (1 test)\r\n\r\n\r\nINSTRUMENTATION_STATUS_CODE: -1\r\n'),
(37, '2013-05-04 21:12:00', 43, 'PASSED', 1, 0, 0, 'INSTRUMENTATION_STATUS: current=1\r\nINSTRUMENTATION_STATUS: id=UiAutomatorTestRunner\r\nINSTRUMENTATION_STATUS: class=com.test.TestButton3\r\nINSTRUMENTATION_STATUS: stream=\r\ncom.test.TestButton3:\r\nINSTRUMENTATION_STATUS: numtests=1\r\nINSTRUMENTATION_STATUS: test=test1\r\nINSTRUMENTATION_STATUS_CODE: 1\r\nINSTRUMENTATION_STATUS: current=1\r\nINSTRUMENTATION_STATUS: id=UiAutomatorTestRunner\r\nINSTRUMENTATION_STATUS: class=com.test.TestButton3\r\nINSTRUMENTATION_STATUS: stream=.\r\nINSTRUMENTATION_STATUS: numtests=1\r\nINSTRUMENTATION_STATUS: test=test1\r\nINSTRUMENTATION_STATUS_CODE: 0\r\nINSTRUMENTATION_STATUS: stream=\r\nTest results for UiAutomatorTestRunner=.\r\nTime: 7.934\r\n\r\nOK (1 test)\r\n\r\n\r\nINSTRUMENTATION_STATUS_CODE: -1\r\n'),
(38, '2013-05-04 21:12:01', 41, 'PASSED', 1, 0, 0, 'INSTRUMENTATION_STATUS: current=1\r\nINSTRUMENTATION_STATUS: id=UiAutomatorTestRunner\r\nINSTRUMENTATION_STATUS: class=com.test.TestButton1\r\nINSTRUMENTATION_STATUS: stream=\r\ncom.test.TestButton1:\r\nINSTRUMENTATION_STATUS: numtests=1\r\nINSTRUMENTATION_STATUS: test=test1\r\nINSTRUMENTATION_STATUS_CODE: 1\r\nINSTRUMENTATION_STATUS: current=1\r\nINSTRUMENTATION_STATUS: id=UiAutomatorTestRunner\r\nINSTRUMENTATION_STATUS: class=com.test.TestButton1\r\nINSTRUMENTATION_STATUS: stream=.\r\nINSTRUMENTATION_STATUS: numtests=1\r\nINSTRUMENTATION_STATUS: test=test1\r\nINSTRUMENTATION_STATUS_CODE: 0\r\nINSTRUMENTATION_STATUS: stream=\r\nTest results for UiAutomatorTestRunner=.\r\nTime: 8.469\r\n\r\nOK (1 test)\r\n\r\n\r\nINSTRUMENTATION_STATUS_CODE: -1\r\n'),
(39, '2013-05-04 21:12:14', 42, 'FAILED', 1, 0, 1, 'INSTRUMENTATION_STATUS: current=1\r\nINSTRUMENTATION_STATUS: id=UiAutomatorTestRunner\r\nINSTRUMENTATION_STATUS: class=com.test.TestButton2\r\nINSTRUMENTATION_STATUS: stream=\r\ncom.test.TestButton2:\r\nINSTRUMENTATION_STATUS: numtests=1\r\nINSTRUMENTATION_STATUS: test=test1\r\nINSTRUMENTATION_STATUS_CODE: 1\r\nINSTRUMENTATION_STATUS: current=1\r\nINSTRUMENTATION_STATUS: id=UiAutomatorTestRunner\r\nINSTRUMENTATION_STATUS: class=com.test.TestButton2\r\nINSTRUMENTATION_STATUS: stream=\r\nError in test1:\r\ncom.android.uiautomator.core.UiObjectNotFoundException: UiSelector[DESCRIPTION=button3]\r\n	at com.android.uiautomator.core.UiObject.clickAndWaitForNewWindow(UiObject.java:337)\r\n	at com.test.TestButton2.test1(TestButton2.java:28)\r\n	at java.lang.reflect.Method.invokeNative(Native Method)\r\n	at com.android.uiautomator.testrunner.UiAutomatorTestRunner.start(UiAutomatorTestRunner.java:124)\r\n	at com.android.uiautomator.testrunner.UiAutomatorTestRunner.run(UiAutomatorTestRunner.java:85)\r\n	at com.android.commands.uiautomator.RunTestCommand.run(RunTestCommand.java:76)\r\n	at com.android.commands.uiautomator.Launcher.main(Launcher.java:83)\r\n	at com.android.internal.os.RuntimeInit.nativeFinishInit(Native Method)\r\n	at com.android.internal.os.RuntimeInit.main(RuntimeInit.java:235)\r\n	at dalvik.system.NativeStart.main(Native Method)\r\n\r\nINSTRUMENTATION_STATUS: numtests=1\r\nINSTRUMENTATION_STATUS: stack=com.android.uiautomator.core.UiObjectNotFoundException: UiSelector[DESCRIPTION=button3]\r\n	at com.android.uiautomator.core.UiObject.clickAndWaitForNewWindow(UiObject.java:337)\r\n	at com.test.TestButton2.test1(TestButton2.java:28)\r\n	at java.lang.reflect.Method.invokeNative(Native Method)\r\n	at com.android.uiautomator.testrunner.UiAutomatorTestRunner.start(UiAutomatorTestRunner.java:124)\r\n	at com.android.uiautomator.testrunner.UiAutomatorTestRunner.run(UiAutomatorTestRunner.java:85)\r\n	at com.android.commands.uiautomator.RunTestCommand.run(RunTestCommand.java:76)\r\n	at com.android.commands.uiautomator.Launcher.main(Launcher.java:83)\r\n	at com.android.internal.os.RuntimeInit.nativeFinishInit(Native Method)\r\n	at com.android.internal.os.RuntimeInit.main(RuntimeInit.java:235)\r\n	at dalvik.system.NativeStart.main(Native Method)\r\n\r\nINSTRUMENTATION_STATUS: test=test1\r\nINSTRUMENTATION_STATUS_CODE: -1\r\nINSTRUMENTATION_STATUS: stream=\r\nTest results for UiAutomatorTestRunner=.E\r\nTime: 21.644\r\n\r\nFAILURES!!!\r\nTests run: 1,  Failures: 0,  Errors: 1\r\n\r\n\r\nINSTRUMENTATION_STATUS_CODE: -1\r\n'),
(40, '2013-05-04 21:12:14', 44, 'FAILED', 1, 0, 1, 'INSTRUMENTATION_STATUS: current=1\r\nINSTRUMENTATION_STATUS: id=UiAutomatorTestRunner\r\nINSTRUMENTATION_STATUS: class=com.test.TestButton4\r\nINSTRUMENTATION_STATUS: stream=\r\ncom.test.TestButton4:\r\nINSTRUMENTATION_STATUS: numtests=1\r\nINSTRUMENTATION_STATUS: test=test1\r\nINSTRUMENTATION_STATUS_CODE: 1\r\nINSTRUMENTATION_STATUS: current=1\r\nINSTRUMENTATION_STATUS: id=UiAutomatorTestRunner\r\nINSTRUMENTATION_STATUS: class=com.test.TestButton4\r\nINSTRUMENTATION_STATUS: stream=\r\nError in test1:\r\ncom.android.uiautomator.core.UiObjectNotFoundException: UiSelector[DESCRIPTION=button4]\r\n	at com.android.uiautomator.core.UiObject.clickAndWaitForNewWindow(UiObject.java:337)\r\n	at com.test.TestButton4.test1(TestButton4.java:26)\r\n	at java.lang.reflect.Method.invokeNative(Native Method)\r\n	at com.android.uiautomator.testrunner.UiAutomatorTestRunner.start(UiAutomatorTestRunner.java:124)\r\n	at com.android.uiautomator.testrunner.UiAutomatorTestRunner.run(UiAutomatorTestRunner.java:85)\r\n	at com.android.commands.uiautomator.RunTestCommand.run(RunTestCommand.java:76)\r\n	at com.android.commands.uiautomator.Launcher.main(Launcher.java:83)\r\n	at com.android.internal.os.RuntimeInit.nativeFinishInit(Native Method)\r\n	at com.android.internal.os.RuntimeInit.main(RuntimeInit.java:235)\r\n	at dalvik.system.NativeStart.main(Native Method)\r\n\r\nINSTRUMENTATION_STATUS: numtests=1\r\nINSTRUMENTATION_STATUS: stack=com.android.uiautomator.core.UiObjectNotFoundException: UiSelector[DESCRIPTION=button4]\r\n	at com.android.uiautomator.core.UiObject.clickAndWaitForNewWindow(UiObject.java:337)\r\n	at com.test.TestButton4.test1(TestButton4.java:26)\r\n	at java.lang.reflect.Method.invokeNative(Native Method)\r\n	at com.android.uiautomator.testrunner.UiAutomatorTestRunner.start(UiAutomatorTestRunner.java:124)\r\n	at com.android.uiautomator.testrunner.UiAutomatorTestRunner.run(UiAutomatorTestRunner.java:85)\r\n	at com.android.commands.uiautomator.RunTestCommand.run(RunTestCommand.java:76)\r\n	at com.android.commands.uiautomator.Launcher.main(Launcher.java:83)\r\n	at com.android.internal.os.RuntimeInit.nativeFinishInit(Native Method)\r\n	at com.android.internal.os.RuntimeInit.main(RuntimeInit.java:235)\r\n	at dalvik.system.NativeStart.main(Native Method)\r\n\r\nINSTRUMENTATION_STATUS: test=test1\r\nINSTRUMENTATION_STATUS_CODE: -1\r\nINSTRUMENTATION_STATUS: stream=\r\nTest results for UiAutomatorTestRunner=.E\r\nTime: 21.604\r\n\r\nFAILURES!!!\r\nTests run: 1,  Failures: 0,  Errors: 1\r\n\r\n\r\nINSTRUMENTATION_STATUS_CODE: -1\r\n'),
(41, '2013-05-04 21:12:39', 48, 'PASSED', 1, 0, 0, 'INSTRUMENTATION_STATUS: current=1\r\nINSTRUMENTATION_STATUS: id=UiAutomatorTestRunner\r\nINSTRUMENTATION_STATUS: class=com.test.TestButton4\r\nINSTRUMENTATION_STATUS: stream=\r\ncom.test.TestButton4:\r\nINSTRUMENTATION_STATUS: numtests=1\r\nINSTRUMENTATION_STATUS: test=test1\r\nINSTRUMENTATION_STATUS_CODE: 1\r\nINSTRUMENTATION_STATUS: current=1\r\nINSTRUMENTATION_STATUS: id=UiAutomatorTestRunner\r\nINSTRUMENTATION_STATUS: class=com.test.TestButton4\r\nINSTRUMENTATION_STATUS: stream=.\r\nINSTRUMENTATION_STATUS: numtests=1\r\nINSTRUMENTATION_STATUS: test=test1\r\nINSTRUMENTATION_STATUS_CODE: 0\r\nINSTRUMENTATION_STATUS: stream=\r\nTest results for UiAutomatorTestRunner=.\r\nTime: 7.973\r\n\r\nOK (1 test)\r\n\r\n\r\nINSTRUMENTATION_STATUS_CODE: -1\r\n'),
(42, '2013-05-04 21:12:42', 46, 'PASSED', 1, 0, 0, 'INSTRUMENTATION_STATUS: current=1\r\nINSTRUMENTATION_STATUS: id=UiAutomatorTestRunner\r\nINSTRUMENTATION_STATUS: class=com.test.TestButton2\r\nINSTRUMENTATION_STATUS: stream=\r\ncom.test.TestButton2:\r\nINSTRUMENTATION_STATUS: numtests=1\r\nINSTRUMENTATION_STATUS: test=test1\r\nINSTRUMENTATION_STATUS_CODE: 1\r\nINSTRUMENTATION_STATUS: current=1\r\nINSTRUMENTATION_STATUS: id=UiAutomatorTestRunner\r\nINSTRUMENTATION_STATUS: class=com.test.TestButton2\r\nINSTRUMENTATION_STATUS: stream=.\r\nINSTRUMENTATION_STATUS: numtests=1\r\nINSTRUMENTATION_STATUS: test=test1\r\nINSTRUMENTATION_STATUS_CODE: 0\r\nINSTRUMENTATION_STATUS: stream=\r\nTest results for UiAutomatorTestRunner=.\r\nTime: 8.034\r\n\r\nOK (1 test)\r\n\r\n\r\nINSTRUMENTATION_STATUS_CODE: -1\r\n'),
(43, '2013-05-04 21:12:42', 47, 'PASSED', 1, 0, 0, 'INSTRUMENTATION_STATUS: current=1\r\nINSTRUMENTATION_STATUS: id=UiAutomatorTestRunner\r\nINSTRUMENTATION_STATUS: class=com.test.TestButton3\r\nINSTRUMENTATION_STATUS: stream=\r\ncom.test.TestButton3:\r\nINSTRUMENTATION_STATUS: numtests=1\r\nINSTRUMENTATION_STATUS: test=test1\r\nINSTRUMENTATION_STATUS_CODE: 1\r\nINSTRUMENTATION_STATUS: current=1\r\nINSTRUMENTATION_STATUS: id=UiAutomatorTestRunner\r\nINSTRUMENTATION_STATUS: class=com.test.TestButton3\r\nINSTRUMENTATION_STATUS: stream=.\r\nINSTRUMENTATION_STATUS: numtests=1\r\nINSTRUMENTATION_STATUS: test=test1\r\nINSTRUMENTATION_STATUS_CODE: 0\r\nINSTRUMENTATION_STATUS: stream=\r\nTest results for UiAutomatorTestRunner=.\r\nTime: 7.964\r\n\r\nOK (1 test)\r\n\r\n\r\nINSTRUMENTATION_STATUS_CODE: -1\r\n'),
(44, '2013-05-04 21:12:42', 45, 'PASSED', 1, 0, 0, 'INSTRUMENTATION_STATUS: current=1\r\nINSTRUMENTATION_STATUS: id=UiAutomatorTestRunner\r\nINSTRUMENTATION_STATUS: class=com.test.TestButton1\r\nINSTRUMENTATION_STATUS: stream=\r\ncom.test.TestButton1:\r\nINSTRUMENTATION_STATUS: numtests=1\r\nINSTRUMENTATION_STATUS: test=test1\r\nINSTRUMENTATION_STATUS_CODE: 1\r\nINSTRUMENTATION_STATUS: current=1\r\nINSTRUMENTATION_STATUS: id=UiAutomatorTestRunner\r\nINSTRUMENTATION_STATUS: class=com.test.TestButton1\r\nINSTRUMENTATION_STATUS: stream=.\r\nINSTRUMENTATION_STATUS: numtests=1\r\nINSTRUMENTATION_STATUS: test=test1\r\nINSTRUMENTATION_STATUS_CODE: 0\r\nINSTRUMENTATION_STATUS: stream=\r\nTest results for UiAutomatorTestRunner=.\r\nTime: 8.743\r\n\r\nOK (1 test)\r\n\r\n\r\nINSTRUMENTATION_STATUS_CODE: -1\r\n'),
(45, '2013-05-07 20:31:04', 77, 'PASSED', 1, 0, 0, 'INSTRUMENTATION_STATUS: current=1\r\nINSTRUMENTATION_STATUS: id=UiAutomatorTestRunner\r\nINSTRUMENTATION_STATUS: class=com.test.TestButton1\r\nINSTRUMENTATION_STATUS: stream=\r\ncom.test.TestButton1:\r\nINSTRUMENTATION_STATUS: numtests=1\r\nINSTRUMENTATION_STATUS: test=test1\r\nINSTRUMENTATION_STATUS_CODE: 1\r\nINSTRUMENTATION_STATUS: current=1\r\nINSTRUMENTATION_STATUS: id=UiAutomatorTestRunner\r\nINSTRUMENTATION_STATUS: class=com.test.TestButton1\r\nINSTRUMENTATION_STATUS: stream=.\r\nINSTRUMENTATION_STATUS: numtests=1\r\nINSTRUMENTATION_STATUS: test=test1\r\nINSTRUMENTATION_STATUS_CODE: 0\r\nINSTRUMENTATION_STATUS: stream=\r\nTest results for UiAutomatorTestRunner=.\r\nTime: 8.7\r\n\r\nOK (1 test)\r\n\r\n\r\nINSTRUMENTATION_STATUS_CODE: -1\r\n'),
(46, '2013-05-07 20:49:53', 80, 'PASSED', 4, 0, 0, 'INSTRUMENTATION_STATUS: current=1\r\nINSTRUMENTATION_STATUS: id=UiAutomatorTestRunner\r\nINSTRUMENTATION_STATUS: class=com.test.TestButton1\r\nINSTRUMENTATION_STATUS: stream=\r\ncom.test.TestButton1:\r\nINSTRUMENTATION_STATUS: numtests=4\r\nINSTRUMENTATION_STATUS: test=test1\r\nINSTRUMENTATION_STATUS_CODE: 1\r\nINSTRUMENTATION_STATUS: current=1\r\nINSTRUMENTATION_STATUS: id=UiAutomatorTestRunner\r\nINSTRUMENTATION_STATUS: class=com.test.TestButton1\r\nINSTRUMENTATION_STATUS: stream=.\r\nINSTRUMENTATION_STATUS: numtests=4\r\nINSTRUMENTATION_STATUS: test=test1\r\nINSTRUMENTATION_STATUS_CODE: 0\r\nINSTRUMENTATION_STATUS: current=2\r\nINSTRUMENTATION_STATUS: id=UiAutomatorTestRunner\r\nINSTRUMENTATION_STATUS: class=com.test.TestButton2\r\nINSTRUMENTATION_STATUS: stream=\r\ncom.test.TestButton2:\r\nINSTRUMENTATION_STATUS: numtests=4\r\nINSTRUMENTATION_STATUS: test=test1\r\nINSTRUMENTATION_STATUS_CODE: 1\r\nINSTRUMENTATION_STATUS: current=2\r\nINSTRUMENTATION_STATUS: id=UiAutomatorTestRunner\r\nINSTRUMENTATION_STATUS: class=com.test.TestButton2\r\nINSTRUMENTATION_STATUS: stream=.\r\nINSTRUMENTATION_STATUS: numtests=4\r\nINSTRUMENTATION_STATUS: test=test1\r\nINSTRUMENTATION_STATUS_CODE: 0\r\nINSTRUMENTATION_STATUS: current=3\r\nINSTRUMENTATION_STATUS: id=UiAutomatorTestRunner\r\nINSTRUMENTATION_STATUS: class=com.test.TestButton3\r\nINSTRUMENTATION_STATUS: stream=\r\ncom.test.TestButton3:\r\nINSTRUMENTATION_STATUS: numtests=4\r\nINSTRUMENTATION_STATUS: test=test1\r\nINSTRUMENTATION_STATUS_CODE: 1\r\nINSTRUMENTATION_STATUS: current=3\r\nINSTRUMENTATION_STATUS: id=UiAutomatorTestRunner\r\nINSTRUMENTATION_STATUS: class=com.test.TestButton3\r\nINSTRUMENTATION_STATUS: stream=.\r\nINSTRUMENTATION_STATUS: numtests=4\r\nINSTRUMENTATION_STATUS: test=test1\r\nINSTRUMENTATION_STATUS_CODE: 0\r\nINSTRUMENTATION_STATUS: current=4\r\nINSTRUMENTATION_STATUS: id=UiAutomatorTestRunner\r\nINSTRUMENTATION_STATUS: class=com.test.TestButton4\r\nINSTRUMENTATION_STATUS: stream=\r\ncom.test.TestButton4:\r\nINSTRUMENTATION_STATUS: numtests=4\r\nINSTRUMENTATION_STATUS: test=test1\r\nINSTRUMENTATION_STATUS_CODE: 1\r\nINSTRUMENTATION_STATUS: current=4\r\nINSTRUMENTATION_STATUS: id=UiAutomatorTestRunner\r\nINSTRUMENTATION_STATUS: class=com.test.TestButton4\r\nINSTRUMENTATION_STATUS: stream=.\r\nINSTRUMENTATION_STATUS: numtests=4\r\nINSTRUMENTATION_STATUS: test=test1\r\nINSTRUMENTATION_STATUS_CODE: 0\r\nINSTRUMENTATION_STATUS: stream=\r\nTest results for UiAutomatorTestRunner=....\r\nTime: 32.531\r\n\r\nOK (4 tests)\r\n\r\n\r\nINSTRUMENTATION_STATUS_CODE: -1\r\n'),
(47, '2013-05-07 20:53:19', 82, 'PASSED', 4, 0, 0, 'INSTRUMENTATION_STATUS: current=1\r\nINSTRUMENTATION_STATUS: id=UiAutomatorTestRunner\r\nINSTRUMENTATION_STATUS: class=com.test.TestButton1\r\nINSTRUMENTATION_STATUS: stream=\r\ncom.test.TestButton1:\r\nINSTRUMENTATION_STATUS: numtests=4\r\nINSTRUMENTATION_STATUS: test=test1\r\nINSTRUMENTATION_STATUS_CODE: 1\r\nINSTRUMENTATION_STATUS: current=1\r\nINSTRUMENTATION_STATUS: id=UiAutomatorTestRunner\r\nINSTRUMENTATION_STATUS: class=com.test.TestButton1\r\nINSTRUMENTATION_STATUS: stream=.\r\nINSTRUMENTATION_STATUS: numtests=4\r\nINSTRUMENTATION_STATUS: test=test1\r\nINSTRUMENTATION_STATUS_CODE: 0\r\nINSTRUMENTATION_STATUS: current=2\r\nINSTRUMENTATION_STATUS: id=UiAutomatorTestRunner\r\nINSTRUMENTATION_STATUS: class=com.test.TestButton2\r\nINSTRUMENTATION_STATUS: stream=\r\ncom.test.TestButton2:\r\nINSTRUMENTATION_STATUS: numtests=4\r\nINSTRUMENTATION_STATUS: test=test1\r\nINSTRUMENTATION_STATUS_CODE: 1\r\nINSTRUMENTATION_STATUS: current=2\r\nINSTRUMENTATION_STATUS: id=UiAutomatorTestRunner\r\nINSTRUMENTATION_STATUS: class=com.test.TestButton2\r\nINSTRUMENTATION_STATUS: stream=.\r\nINSTRUMENTATION_STATUS: numtests=4\r\nINSTRUMENTATION_STATUS: test=test1\r\nINSTRUMENTATION_STATUS_CODE: 0\r\nINSTRUMENTATION_STATUS: current=3\r\nINSTRUMENTATION_STATUS: id=UiAutomatorTestRunner\r\nINSTRUMENTATION_STATUS: class=com.test.TestButton3\r\nINSTRUMENTATION_STATUS: stream=\r\ncom.test.TestButton3:\r\nINSTRUMENTATION_STATUS: numtests=4\r\nINSTRUMENTATION_STATUS: test=test1\r\nINSTRUMENTATION_STATUS_CODE: 1\r\nINSTRUMENTATION_STATUS: current=3\r\nINSTRUMENTATION_STATUS: id=UiAutomatorTestRunner\r\nINSTRUMENTATION_STATUS: class=com.test.TestButton3\r\nINSTRUMENTATION_STATUS: stream=.\r\nINSTRUMENTATION_STATUS: numtests=4\r\nINSTRUMENTATION_STATUS: test=test1\r\nINSTRUMENTATION_STATUS_CODE: 0\r\nINSTRUMENTATION_STATUS: current=4\r\nINSTRUMENTATION_STATUS: id=UiAutomatorTestRunner\r\nINSTRUMENTATION_STATUS: class=com.test.TestButton4\r\nINSTRUMENTATION_STATUS: stream=\r\ncom.test.TestButton4:\r\nINSTRUMENTATION_STATUS: numtests=4\r\nINSTRUMENTATION_STATUS: test=test1\r\nINSTRUMENTATION_STATUS_CODE: 1\r\nINSTRUMENTATION_STATUS: current=4\r\nINSTRUMENTATION_STATUS: id=UiAutomatorTestRunner\r\nINSTRUMENTATION_STATUS: class=com.test.TestButton4\r\nINSTRUMENTATION_STATUS: stream=.\r\nINSTRUMENTATION_STATUS: numtests=4\r\nINSTRUMENTATION_STATUS: test=test1\r\nINSTRUMENTATION_STATUS_CODE: 0\r\nINSTRUMENTATION_STATUS: stream=\r\nTest results for UiAutomatorTestRunner=....\r\nTime: 30.454\r\n\r\nOK (4 tests)\r\n\r\n\r\nINSTRUMENTATION_STATUS_CODE: -1\r\n'),
(48, '2013-05-07 20:57:45', 84, 'PASSED', 4, 0, 0, 'INSTRUMENTATION_STATUS: current=1\r\nINSTRUMENTATION_STATUS: id=UiAutomatorTestRunner\r\nINSTRUMENTATION_STATUS: class=com.test.TestButton1\r\nINSTRUMENTATION_STATUS: stream=\r\ncom.test.TestButton1:\r\nINSTRUMENTATION_STATUS: numtests=4\r\nINSTRUMENTATION_STATUS: test=test1\r\nINSTRUMENTATION_STATUS_CODE: 1\r\nINSTRUMENTATION_STATUS: current=1\r\nINSTRUMENTATION_STATUS: id=UiAutomatorTestRunner\r\nINSTRUMENTATION_STATUS: class=com.test.TestButton1\r\nINSTRUMENTATION_STATUS: stream=.\r\nINSTRUMENTATION_STATUS: numtests=4\r\nINSTRUMENTATION_STATUS: test=test1\r\nINSTRUMENTATION_STATUS_CODE: 0\r\nINSTRUMENTATION_STATUS: current=2\r\nINSTRUMENTATION_STATUS: id=UiAutomatorTestRunner\r\nINSTRUMENTATION_STATUS: class=com.test.TestButton2\r\nINSTRUMENTATION_STATUS: stream=\r\ncom.test.TestButton2:\r\nINSTRUMENTATION_STATUS: numtests=4\r\nINSTRUMENTATION_STATUS: test=test1\r\nINSTRUMENTATION_STATUS_CODE: 1\r\nINSTRUMENTATION_STATUS: current=2\r\nINSTRUMENTATION_STATUS: id=UiAutomatorTestRunner\r\nINSTRUMENTATION_STATUS: class=com.test.TestButton2\r\nINSTRUMENTATION_STATUS: stream=.\r\nINSTRUMENTATION_STATUS: numtests=4\r\nINSTRUMENTATION_STATUS: test=test1\r\nINSTRUMENTATION_STATUS_CODE: 0\r\nINSTRUMENTATION_STATUS: current=3\r\nINSTRUMENTATION_STATUS: id=UiAutomatorTestRunner\r\nINSTRUMENTATION_STATUS: class=com.test.TestButton3\r\nINSTRUMENTATION_STATUS: stream=\r\ncom.test.TestButton3:\r\nINSTRUMENTATION_STATUS: numtests=4\r\nINSTRUMENTATION_STATUS: test=test1\r\nINSTRUMENTATION_STATUS_CODE: 1\r\nINSTRUMENTATION_STATUS: current=3\r\nINSTRUMENTATION_STATUS: id=UiAutomatorTestRunner\r\nINSTRUMENTATION_STATUS: class=com.test.TestButton3\r\nINSTRUMENTATION_STATUS: stream=.\r\nINSTRUMENTATION_STATUS: numtests=4\r\nINSTRUMENTATION_STATUS: test=test1\r\nINSTRUMENTATION_STATUS_CODE: 0\r\nINSTRUMENTATION_STATUS: current=4\r\nINSTRUMENTATION_STATUS: id=UiAutomatorTestRunner\r\nINSTRUMENTATION_STATUS: class=com.test.TestButton4\r\nINSTRUMENTATION_STATUS: stream=\r\ncom.test.TestButton4:\r\nINSTRUMENTATION_STATUS: numtests=4\r\nINSTRUMENTATION_STATUS: test=test1\r\nINSTRUMENTATION_STATUS_CODE: 1\r\nINSTRUMENTATION_STATUS: current=4\r\nINSTRUMENTATION_STATUS: id=UiAutomatorTestRunner\r\nINSTRUMENTATION_STATUS: class=com.test.TestButton4\r\nINSTRUMENTATION_STATUS: stream=.\r\nINSTRUMENTATION_STATUS: numtests=4\r\nINSTRUMENTATION_STATUS: test=test1\r\nINSTRUMENTATION_STATUS_CODE: 0\r\nINSTRUMENTATION_STATUS: stream=\r\nTest results for UiAutomatorTestRunner=....\r\nTime: 34.046\r\n\r\nOK (4 tests)\r\n\r\n\r\nINSTRUMENTATION_STATUS_CODE: -1\r\n'),
(49, '2013-05-07 20:57:45', 83, 'PASSED', 4, 0, 0, 'INSTRUMENTATION_STATUS: current=1\r\nINSTRUMENTATION_STATUS: id=UiAutomatorTestRunner\r\nINSTRUMENTATION_STATUS: class=com.test.TestButton1\r\nINSTRUMENTATION_STATUS: stream=\r\ncom.test.TestButton1:\r\nINSTRUMENTATION_STATUS: numtests=4\r\nINSTRUMENTATION_STATUS: test=test1\r\nINSTRUMENTATION_STATUS_CODE: 1\r\nINSTRUMENTATION_STATUS: current=1\r\nINSTRUMENTATION_STATUS: id=UiAutomatorTestRunner\r\nINSTRUMENTATION_STATUS: class=com.test.TestButton1\r\nINSTRUMENTATION_STATUS: stream=.\r\nINSTRUMENTATION_STATUS: numtests=4\r\nINSTRUMENTATION_STATUS: test=test1\r\nINSTRUMENTATION_STATUS_CODE: 0\r\nINSTRUMENTATION_STATUS: current=2\r\nINSTRUMENTATION_STATUS: id=UiAutomatorTestRunner\r\nINSTRUMENTATION_STATUS: class=com.test.TestButton2\r\nINSTRUMENTATION_STATUS: stream=\r\ncom.test.TestButton2:\r\nINSTRUMENTATION_STATUS: numtests=4\r\nINSTRUMENTATION_STATUS: test=test1\r\nINSTRUMENTATION_STATUS_CODE: 1\r\nINSTRUMENTATION_STATUS: current=2\r\nINSTRUMENTATION_STATUS: id=UiAutomatorTestRunner\r\nINSTRUMENTATION_STATUS: class=com.test.TestButton2\r\nINSTRUMENTATION_STATUS: stream=.\r\nINSTRUMENTATION_STATUS: numtests=4\r\nINSTRUMENTATION_STATUS: test=test1\r\nINSTRUMENTATION_STATUS_CODE: 0\r\nINSTRUMENTATION_STATUS: current=3\r\nINSTRUMENTATION_STATUS: id=UiAutomatorTestRunner\r\nINSTRUMENTATION_STATUS: class=com.test.TestButton3\r\nINSTRUMENTATION_STATUS: stream=\r\ncom.test.TestButton3:\r\nINSTRUMENTATION_STATUS: numtests=4\r\nINSTRUMENTATION_STATUS: test=test1\r\nINSTRUMENTATION_STATUS_CODE: 1\r\nINSTRUMENTATION_STATUS: current=3\r\nINSTRUMENTATION_STATUS: id=UiAutomatorTestRunner\r\nINSTRUMENTATION_STATUS: class=com.test.TestButton3\r\nINSTRUMENTATION_STATUS: stream=.\r\nINSTRUMENTATION_STATUS: numtests=4\r\nINSTRUMENTATION_STATUS: test=test1\r\nINSTRUMENTATION_STATUS_CODE: 0\r\nINSTRUMENTATION_STATUS: current=4\r\nINSTRUMENTATION_STATUS: id=UiAutomatorTestRunner\r\nINSTRUMENTATION_STATUS: class=com.test.TestButton4\r\nINSTRUMENTATION_STATUS: stream=\r\ncom.test.TestButton4:\r\nINSTRUMENTATION_STATUS: numtests=4\r\nINSTRUMENTATION_STATUS: test=test1\r\nINSTRUMENTATION_STATUS_CODE: 1\r\nINSTRUMENTATION_STATUS: current=4\r\nINSTRUMENTATION_STATUS: id=UiAutomatorTestRunner\r\nINSTRUMENTATION_STATUS: class=com.test.TestButton4\r\nINSTRUMENTATION_STATUS: stream=.\r\nINSTRUMENTATION_STATUS: numtests=4\r\nINSTRUMENTATION_STATUS: test=test1\r\nINSTRUMENTATION_STATUS_CODE: 0\r\nINSTRUMENTATION_STATUS: stream=\r\nTest results for UiAutomatorTestRunner=....\r\nTime: 33.059\r\n\r\nOK (4 tests)\r\n\r\n\r\nINSTRUMENTATION_STATUS_CODE: -1\r\n'),
(50, '2013-05-07 20:58:26', 86, 'PASSED', 1, 0, 0, 'INSTRUMENTATION_STATUS: current=1\r\nINSTRUMENTATION_STATUS: id=UiAutomatorTestRunner\r\nINSTRUMENTATION_STATUS: class=com.test.TestButton2\r\nINSTRUMENTATION_STATUS: stream=\r\ncom.test.TestButton2:\r\nINSTRUMENTATION_STATUS: numtests=1\r\nINSTRUMENTATION_STATUS: test=test1\r\nINSTRUMENTATION_STATUS_CODE: 1\r\nINSTRUMENTATION_STATUS: dp-height=800\r\nINSTRUMENTATION_STATUS: product=sdk_x86\r\nINSTRUMENTATION_STATUS: msg=Test was succesfull\r\nINSTRUMENTATION_STATUS: dp-width=480\r\nINSTRUMENTATION_STATUS_CODE: -1\r\nINSTRUMENTATION_STATUS: current=1\r\nINSTRUMENTATION_STATUS: id=UiAutomatorTestRunner\r\nINSTRUMENTATION_STATUS: class=com.test.TestButton2\r\nINSTRUMENTATION_STATUS: stream=.\r\nINSTRUMENTATION_STATUS: numtests=1\r\nINSTRUMENTATION_STATUS: test=test1\r\nINSTRUMENTATION_STATUS_CODE: 0\r\nINSTRUMENTATION_STATUS: stream=\r\nTest results for UiAutomatorTestRunner=.\r\nTime: 9.807\r\n\r\nOK (1 test)\r\n\r\n\r\nINSTRUMENTATION_STATUS_CODE: -1\r\n'),
(51, '2013-05-07 21:04:24', 85, 'PASSED', 1, 0, 0, 'INSTRUMENTATION_STATUS: current=1\r\nINSTRUMENTATION_STATUS: id=UiAutomatorTestRunner\r\nINSTRUMENTATION_STATUS: class=com.test.TestButton1\r\nINSTRUMENTATION_STATUS: stream=\r\ncom.test.TestButton1:\r\nINSTRUMENTATION_STATUS: numtests=1\r\nINSTRUMENTATION_STATUS: test=test1\r\nINSTRUMENTATION_STATUS_CODE: 1\r\nINSTRUMENTATION_STATUS: dp-height=800\r\nINSTRUMENTATION_STATUS: product=sdk_x86\r\nINSTRUMENTATION_STATUS: msg=Test was succesfull\r\nINSTRUMENTATION_STATUS: dp-width=480\r\nINSTRUMENTATION_STATUS_CODE: -1\r\nINSTRUMENTATION_STATUS: current=1\r\nINSTRUMENTATION_STATUS: id=UiAutomatorTestRunner\r\nINSTRUMENTATION_STATUS: class=com.test.TestButton1\r\nINSTRUMENTATION_STATUS: stream=.\r\nINSTRUMENTATION_STATUS: numtests=1\r\nINSTRUMENTATION_STATUS: test=test1\r\nINSTRUMENTATION_STATUS_CODE: 0\r\nINSTRUMENTATION_STATUS: stream=\r\nTest results for UiAutomatorTestRunner=.\r\nTime: 8.33\r\n\r\nOK (1 test)\r\n\r\n\r\nINSTRUMENTATION_STATUS_CODE: -1\r\n'),
(52, '2013-05-07 21:18:35', 87, 'PASSED', 2, 0, 0, 'INSTRUMENTATION_STATUS: current=1\r\nINSTRUMENTATION_STATUS: id=UiAutomatorTestRunner\r\nINSTRUMENTATION_STATUS: class=com.test.TestButton1\r\nINSTRUMENTATION_STATUS: stream=\r\ncom.test.TestButton1:\r\nINSTRUMENTATION_STATUS: numtests=2\r\nINSTRUMENTATION_STATUS: test=test1\r\nINSTRUMENTATION_STATUS_CODE: 1\r\nINSTRUMENTATION_STATUS: current=1\r\nINSTRUMENTATION_STATUS: id=UiAutomatorTestRunner\r\nINSTRUMENTATION_STATUS: class=com.test.TestButton1\r\nINSTRUMENTATION_STATUS: stream=.\r\nINSTRUMENTATION_STATUS: numtests=2\r\nINSTRUMENTATION_STATUS: test=test1\r\nINSTRUMENTATION_STATUS_CODE: 0\r\nINSTRUMENTATION_STATUS: current=2\r\nINSTRUMENTATION_STATUS: id=UiAutomatorTestRunner\r\nINSTRUMENTATION_STATUS: class=com.test.TestButton2\r\nINSTRUMENTATION_STATUS: stream=\r\ncom.test.TestButton2:\r\nINSTRUMENTATION_STATUS: numtests=2\r\nINSTRUMENTATION_STATUS: test=test1\r\nINSTRUMENTATION_STATUS_CODE: 1\r\nINSTRUMENTATION_STATUS: current=2\r\nINSTRUMENTATION_STATUS: id=UiAutomatorTestRunner\r\nINSTRUMENTATION_STATUS: class=com.test.TestButton2\r\nINSTRUMENTATION_STATUS: stream=.\r\nINSTRUMENTATION_STATUS: numtests=2\r\nINSTRUMENTATION_STATUS: test=test1\r\nINSTRUMENTATION_STATUS_CODE: 0\r\nINSTRUMENTATION_STATUS: stream=\r\nTest results for UiAutomatorTestRunner=..\r\nTime: 15.555\r\n\r\nOK (2 tests)\r\n\r\n\r\nINSTRUMENTATION_STATUS_CODE: -1\r\n'),
(53, '2013-05-07 21:20:18', 91, 'PASSED', 1, 0, 0, 'INSTRUMENTATION_STATUS: current=1\r\nINSTRUMENTATION_STATUS: id=UiAutomatorTestRunner\r\nINSTRUMENTATION_STATUS: class=com.test.TestButton4\r\nINSTRUMENTATION_STATUS: stream=\r\ncom.test.TestButton4:\r\nINSTRUMENTATION_STATUS: numtests=1\r\nINSTRUMENTATION_STATUS: test=test1\r\nINSTRUMENTATION_STATUS_CODE: 1\r\nINSTRUMENTATION_STATUS: current=1\r\nINSTRUMENTATION_STATUS: id=UiAutomatorTestRunner\r\nINSTRUMENTATION_STATUS: class=com.test.TestButton4\r\nINSTRUMENTATION_STATUS: stream=.\r\nINSTRUMENTATION_STATUS: numtests=1\r\nINSTRUMENTATION_STATUS: test=test1\r\nINSTRUMENTATION_STATUS_CODE: 0\r\nINSTRUMENTATION_STATUS: stream=\r\nTest results for UiAutomatorTestRunner=.\r\nTime: 7.688\r\n\r\nOK (1 test)\r\n\r\n\r\nINSTRUMENTATION_STATUS_CODE: -1\r\n'),
(54, '2013-05-07 21:21:12', 89, 'PASSED', 1, 0, 0, 'INSTRUMENTATION_STATUS: current=1\r\nINSTRUMENTATION_STATUS: id=UiAutomatorTestRunner\r\nINSTRUMENTATION_STATUS: class=com.test.TestButton2\r\nINSTRUMENTATION_STATUS: stream=\r\ncom.test.TestButton2:\r\nINSTRUMENTATION_STATUS: numtests=1\r\nINSTRUMENTATION_STATUS: test=test1\r\nINSTRUMENTATION_STATUS_CODE: 1\r\nINSTRUMENTATION_STATUS: current=1\r\nINSTRUMENTATION_STATUS: id=UiAutomatorTestRunner\r\nINSTRUMENTATION_STATUS: class=com.test.TestButton2\r\nINSTRUMENTATION_STATUS: stream=.\r\nINSTRUMENTATION_STATUS: numtests=1\r\nINSTRUMENTATION_STATUS: test=test1\r\nINSTRUMENTATION_STATUS_CODE: 0\r\nINSTRUMENTATION_STATUS: stream=\r\nTest results for UiAutomatorTestRunner=.\r\nTime: 6.982\r\n\r\nOK (1 test)\r\n\r\n\r\nINSTRUMENTATION_STATUS_CODE: -1\r\n'),
(55, '2013-05-07 21:21:13', 88, 'PASSED', 1, 0, 0, 'INSTRUMENTATION_STATUS: current=1\r\nINSTRUMENTATION_STATUS: id=UiAutomatorTestRunner\r\nINSTRUMENTATION_STATUS: class=com.test.TestButton1\r\nINSTRUMENTATION_STATUS: stream=\r\ncom.test.TestButton1:\r\nINSTRUMENTATION_STATUS: numtests=1\r\nINSTRUMENTATION_STATUS: test=test1\r\nINSTRUMENTATION_STATUS_CODE: 1\r\nINSTRUMENTATION_STATUS: current=1\r\nINSTRUMENTATION_STATUS: id=UiAutomatorTestRunner\r\nINSTRUMENTATION_STATUS: class=com.test.TestButton1\r\nINSTRUMENTATION_STATUS: stream=.\r\nINSTRUMENTATION_STATUS: numtests=1\r\nINSTRUMENTATION_STATUS: test=test1\r\nINSTRUMENTATION_STATUS_CODE: 0\r\nINSTRUMENTATION_STATUS: stream=\r\nTest results for UiAutomatorTestRunner=.\r\nTime: 7.628\r\n\r\nOK (1 test)\r\n\r\n\r\nINSTRUMENTATION_STATUS_CODE: -1\r\n'),
(56, '2013-05-07 21:27:10', 90, 'PASSED', 1, 0, 0, 'INSTRUMENTATION_STATUS: current=1\r\nINSTRUMENTATION_STATUS: id=UiAutomatorTestRunner\r\nINSTRUMENTATION_STATUS: class=com.test.TestButton3\r\nINSTRUMENTATION_STATUS: stream=\r\ncom.test.TestButton3:\r\nINSTRUMENTATION_STATUS: numtests=1\r\nINSTRUMENTATION_STATUS: test=test1\r\nINSTRUMENTATION_STATUS_CODE: 1\r\nINSTRUMENTATION_STATUS: current=1\r\nINSTRUMENTATION_STATUS: id=UiAutomatorTestRunner\r\nINSTRUMENTATION_STATUS: class=com.test.TestButton3\r\nINSTRUMENTATION_STATUS: stream=.\r\nINSTRUMENTATION_STATUS: numtests=1\r\nINSTRUMENTATION_STATUS: test=test1\r\nINSTRUMENTATION_STATUS_CODE: 0\r\nINSTRUMENTATION_STATUS: stream=\r\nTest results for UiAutomatorTestRunner=.\r\nTime: 7.99\r\n\r\nOK (1 test)\r\n\r\n\r\nINSTRUMENTATION_STATUS_CODE: -1\r\n');
INSERT INTO `device_job_result` (`devicejobresult_id`, `created`, `devicejobid`, `state`, `testsRun`, `testsFailed`, `testsErrors`, `output`) VALUES
(57, '2013-05-07 21:28:34', 93, 'PASSED', 1, 0, 0, 'INSTRUMENTATION_STATUS: current=1\r\nINSTRUMENTATION_STATUS: id=UiAutomatorTestRunner\r\nINSTRUMENTATION_STATUS: class=com.test.TestButton2\r\nINSTRUMENTATION_STATUS: stream=\r\ncom.test.TestButton2:\r\nINSTRUMENTATION_STATUS: numtests=1\r\nINSTRUMENTATION_STATUS: test=test1\r\nINSTRUMENTATION_STATUS_CODE: 1\r\nINSTRUMENTATION_STATUS: dp-height=800\r\nINSTRUMENTATION_STATUS: product=sdk_x86\r\nINSTRUMENTATION_STATUS: msg=Test was succesfull\r\nINSTRUMENTATION_STATUS: dp-width=480\r\nINSTRUMENTATION_STATUS_CODE: -1\r\nINSTRUMENTATION_STATUS: current=1\r\nINSTRUMENTATION_STATUS: id=UiAutomatorTestRunner\r\nINSTRUMENTATION_STATUS: class=com.test.TestButton2\r\nINSTRUMENTATION_STATUS: stream=.\r\nINSTRUMENTATION_STATUS: numtests=1\r\nINSTRUMENTATION_STATUS: test=test1\r\nINSTRUMENTATION_STATUS_CODE: 0\r\nINSTRUMENTATION_STATUS: stream=\r\nTest results for UiAutomatorTestRunner=.\r\nTime: 7.87\r\n\r\nOK (1 test)\r\n\r\n\r\nINSTRUMENTATION_STATUS_CODE: -1\r\n'),
(58, '2013-05-07 21:28:36', 92, 'PASSED', 1, 0, 0, 'INSTRUMENTATION_STATUS: current=1\r\nINSTRUMENTATION_STATUS: id=UiAutomatorTestRunner\r\nINSTRUMENTATION_STATUS: class=com.test.TestButton1\r\nINSTRUMENTATION_STATUS: stream=\r\ncom.test.TestButton1:\r\nINSTRUMENTATION_STATUS: numtests=1\r\nINSTRUMENTATION_STATUS: test=test1\r\nINSTRUMENTATION_STATUS_CODE: 1\r\nINSTRUMENTATION_STATUS: dp-height=800\r\nINSTRUMENTATION_STATUS: product=sdk_x86\r\nINSTRUMENTATION_STATUS: msg=Test was succesfull\r\nINSTRUMENTATION_STATUS: dp-width=480\r\nINSTRUMENTATION_STATUS_CODE: -1\r\nINSTRUMENTATION_STATUS: current=1\r\nINSTRUMENTATION_STATUS: id=UiAutomatorTestRunner\r\nINSTRUMENTATION_STATUS: class=com.test.TestButton1\r\nINSTRUMENTATION_STATUS: stream=.\r\nINSTRUMENTATION_STATUS: numtests=1\r\nINSTRUMENTATION_STATUS: test=test1\r\nINSTRUMENTATION_STATUS_CODE: 0\r\nINSTRUMENTATION_STATUS: stream=\r\nTest results for UiAutomatorTestRunner=.\r\nTime: 7.87\r\n\r\nOK (1 test)\r\n\r\n\r\nINSTRUMENTATION_STATUS_CODE: -1\r\n'),
(59, '2013-05-07 21:30:40', 94, 'PASSED', 1, 0, 0, 'INSTRUMENTATION_STATUS: current=1\r\nINSTRUMENTATION_STATUS: id=UiAutomatorTestRunner\r\nINSTRUMENTATION_STATUS: class=com.test.TestButton1\r\nINSTRUMENTATION_STATUS: stream=\r\ncom.test.TestButton1:\r\nINSTRUMENTATION_STATUS: numtests=1\r\nINSTRUMENTATION_STATUS: test=test1\r\nINSTRUMENTATION_STATUS_CODE: 1\r\nINSTRUMENTATION_STATUS: current=1\r\nINSTRUMENTATION_STATUS: id=UiAutomatorTestRunner\r\nINSTRUMENTATION_STATUS: class=com.test.TestButton1\r\nINSTRUMENTATION_STATUS: stream=.\r\nINSTRUMENTATION_STATUS: numtests=1\r\nINSTRUMENTATION_STATUS: test=test1\r\nINSTRUMENTATION_STATUS_CODE: 0\r\nINSTRUMENTATION_STATUS: stream=\r\nTest results for UiAutomatorTestRunner=.\r\nTime: 8.201\r\n\r\nOK (1 test)\r\n\r\n\r\nINSTRUMENTATION_STATUS_CODE: -1\r\n'),
(60, '2013-05-07 21:30:40', 96, 'PASSED', 1, 0, 0, 'INSTRUMENTATION_STATUS: current=1\r\nINSTRUMENTATION_STATUS: id=UiAutomatorTestRunner\r\nINSTRUMENTATION_STATUS: class=com.test.TestButton3\r\nINSTRUMENTATION_STATUS: stream=\r\ncom.test.TestButton3:\r\nINSTRUMENTATION_STATUS: numtests=1\r\nINSTRUMENTATION_STATUS: test=test1\r\nINSTRUMENTATION_STATUS_CODE: 1\r\nINSTRUMENTATION_STATUS: current=1\r\nINSTRUMENTATION_STATUS: id=UiAutomatorTestRunner\r\nINSTRUMENTATION_STATUS: class=com.test.TestButton3\r\nINSTRUMENTATION_STATUS: stream=.\r\nINSTRUMENTATION_STATUS: numtests=1\r\nINSTRUMENTATION_STATUS: test=test1\r\nINSTRUMENTATION_STATUS_CODE: 0\r\nINSTRUMENTATION_STATUS: stream=\r\nTest results for UiAutomatorTestRunner=.\r\nTime: 8.413\r\n\r\nOK (1 test)\r\n\r\n\r\nINSTRUMENTATION_STATUS_CODE: -1\r\n'),
(61, '2013-05-07 21:30:40', 95, 'PASSED', 1, 0, 0, 'INSTRUMENTATION_STATUS: current=1\r\nINSTRUMENTATION_STATUS: id=UiAutomatorTestRunner\r\nINSTRUMENTATION_STATUS: class=com.test.TestButton2\r\nINSTRUMENTATION_STATUS: stream=\r\ncom.test.TestButton2:\r\nINSTRUMENTATION_STATUS: numtests=1\r\nINSTRUMENTATION_STATUS: test=test1\r\nINSTRUMENTATION_STATUS_CODE: 1\r\nINSTRUMENTATION_STATUS: current=1\r\nINSTRUMENTATION_STATUS: id=UiAutomatorTestRunner\r\nINSTRUMENTATION_STATUS: class=com.test.TestButton2\r\nINSTRUMENTATION_STATUS: stream=.\r\nINSTRUMENTATION_STATUS: numtests=1\r\nINSTRUMENTATION_STATUS: test=test1\r\nINSTRUMENTATION_STATUS_CODE: 0\r\nINSTRUMENTATION_STATUS: stream=\r\nTest results for UiAutomatorTestRunner=.\r\nTime: 8.599\r\n\r\nOK (1 test)\r\n\r\n\r\nINSTRUMENTATION_STATUS_CODE: -1\r\n'),
(62, '2013-05-07 21:30:40', 97, 'PASSED', 1, 0, 0, 'INSTRUMENTATION_STATUS: current=1\r\nINSTRUMENTATION_STATUS: id=UiAutomatorTestRunner\r\nINSTRUMENTATION_STATUS: class=com.test.TestButton4\r\nINSTRUMENTATION_STATUS: stream=\r\ncom.test.TestButton4:\r\nINSTRUMENTATION_STATUS: numtests=1\r\nINSTRUMENTATION_STATUS: test=test1\r\nINSTRUMENTATION_STATUS_CODE: 1\r\nINSTRUMENTATION_STATUS: current=1\r\nINSTRUMENTATION_STATUS: id=UiAutomatorTestRunner\r\nINSTRUMENTATION_STATUS: class=com.test.TestButton4\r\nINSTRUMENTATION_STATUS: stream=.\r\nINSTRUMENTATION_STATUS: numtests=1\r\nINSTRUMENTATION_STATUS: test=test1\r\nINSTRUMENTATION_STATUS_CODE: 0\r\nINSTRUMENTATION_STATUS: stream=\r\nTest results for UiAutomatorTestRunner=.\r\nTime: 8.431\r\n\r\nOK (1 test)\r\n\r\n\r\nINSTRUMENTATION_STATUS_CODE: -1\r\n'),
(63, '2013-05-07 21:36:38', 104, 'PASSED', 1, 0, 0, 'INSTRUMENTATION_STATUS: current=1\r\nINSTRUMENTATION_STATUS: id=UiAutomatorTestRunner\r\nINSTRUMENTATION_STATUS: class=com.test.TestButton3\r\nINSTRUMENTATION_STATUS: stream=\r\ncom.test.TestButton3:\r\nINSTRUMENTATION_STATUS: numtests=1\r\nINSTRUMENTATION_STATUS: test=test1\r\nINSTRUMENTATION_STATUS_CODE: 1\r\nINSTRUMENTATION_STATUS: current=1\r\nINSTRUMENTATION_STATUS: id=UiAutomatorTestRunner\r\nINSTRUMENTATION_STATUS: class=com.test.TestButton3\r\nINSTRUMENTATION_STATUS: stream=.\r\nINSTRUMENTATION_STATUS: numtests=1\r\nINSTRUMENTATION_STATUS: test=test1\r\nINSTRUMENTATION_STATUS_CODE: 0\r\nINSTRUMENTATION_STATUS: stream=\r\nTest results for UiAutomatorTestRunner=.\r\nTime: 7.961\r\n\r\nOK (1 test)\r\n\r\n\r\nINSTRUMENTATION_STATUS_CODE: -1\r\n'),
(64, '2013-05-07 21:36:39', 102, 'PASSED', 1, 0, 0, 'INSTRUMENTATION_STATUS: current=1\r\nINSTRUMENTATION_STATUS: id=UiAutomatorTestRunner\r\nINSTRUMENTATION_STATUS: class=com.test.TestButton1\r\nINSTRUMENTATION_STATUS: stream=\r\ncom.test.TestButton1:\r\nINSTRUMENTATION_STATUS: numtests=1\r\nINSTRUMENTATION_STATUS: test=test1\r\nINSTRUMENTATION_STATUS_CODE: 1\r\nINSTRUMENTATION_STATUS: current=1\r\nINSTRUMENTATION_STATUS: id=UiAutomatorTestRunner\r\nINSTRUMENTATION_STATUS: class=com.test.TestButton1\r\nINSTRUMENTATION_STATUS: stream=.\r\nINSTRUMENTATION_STATUS: numtests=1\r\nINSTRUMENTATION_STATUS: test=test1\r\nINSTRUMENTATION_STATUS_CODE: 0\r\nINSTRUMENTATION_STATUS: stream=\r\nTest results for UiAutomatorTestRunner=.\r\nTime: 8.311\r\n\r\nOK (1 test)\r\n\r\n\r\nINSTRUMENTATION_STATUS_CODE: -1\r\n'),
(65, '2013-05-07 21:36:39', 103, 'PASSED', 1, 0, 0, 'INSTRUMENTATION_STATUS: current=1\r\nINSTRUMENTATION_STATUS: id=UiAutomatorTestRunner\r\nINSTRUMENTATION_STATUS: class=com.test.TestButton2\r\nINSTRUMENTATION_STATUS: stream=\r\ncom.test.TestButton2:\r\nINSTRUMENTATION_STATUS: numtests=1\r\nINSTRUMENTATION_STATUS: test=test1\r\nINSTRUMENTATION_STATUS_CODE: 1\r\nINSTRUMENTATION_STATUS: current=1\r\nINSTRUMENTATION_STATUS: id=UiAutomatorTestRunner\r\nINSTRUMENTATION_STATUS: class=com.test.TestButton2\r\nINSTRUMENTATION_STATUS: stream=.\r\nINSTRUMENTATION_STATUS: numtests=1\r\nINSTRUMENTATION_STATUS: test=test1\r\nINSTRUMENTATION_STATUS_CODE: 0\r\nINSTRUMENTATION_STATUS: stream=\r\nTest results for UiAutomatorTestRunner=.\r\nTime: 8.639\r\n\r\nOK (1 test)\r\n\r\n\r\nINSTRUMENTATION_STATUS_CODE: -1\r\n'),
(66, '2013-05-07 21:36:40', 105, 'PASSED', 1, 0, 0, 'INSTRUMENTATION_STATUS: current=1\r\nINSTRUMENTATION_STATUS: id=UiAutomatorTestRunner\r\nINSTRUMENTATION_STATUS: class=com.test.TestButton4\r\nINSTRUMENTATION_STATUS: stream=\r\ncom.test.TestButton4:\r\nINSTRUMENTATION_STATUS: numtests=1\r\nINSTRUMENTATION_STATUS: test=test1\r\nINSTRUMENTATION_STATUS_CODE: 1\r\nINSTRUMENTATION_STATUS: current=1\r\nINSTRUMENTATION_STATUS: id=UiAutomatorTestRunner\r\nINSTRUMENTATION_STATUS: class=com.test.TestButton4\r\nINSTRUMENTATION_STATUS: stream=.\r\nINSTRUMENTATION_STATUS: numtests=1\r\nINSTRUMENTATION_STATUS: test=test1\r\nINSTRUMENTATION_STATUS_CODE: 0\r\nINSTRUMENTATION_STATUS: stream=\r\nTest results for UiAutomatorTestRunner=.\r\nTime: 8.85\r\n\r\nOK (1 test)\r\n\r\n\r\nINSTRUMENTATION_STATUS_CODE: -1\r\n'),
(67, '2013-05-07 21:38:38', 106, 'PASSED', 1, 0, 0, 'INSTRUMENTATION_STATUS: current=1\r\nINSTRUMENTATION_STATUS: id=UiAutomatorTestRunner\r\nINSTRUMENTATION_STATUS: class=com.test.TestButton1\r\nINSTRUMENTATION_STATUS: stream=\r\ncom.test.TestButton1:\r\nINSTRUMENTATION_STATUS: numtests=1\r\nINSTRUMENTATION_STATUS: test=test1\r\nINSTRUMENTATION_STATUS_CODE: 1\r\nINSTRUMENTATION_STATUS: current=1\r\nINSTRUMENTATION_STATUS: id=UiAutomatorTestRunner\r\nINSTRUMENTATION_STATUS: class=com.test.TestButton1\r\nINSTRUMENTATION_STATUS: stream=.\r\nINSTRUMENTATION_STATUS: numtests=1\r\nINSTRUMENTATION_STATUS: test=test1\r\nINSTRUMENTATION_STATUS_CODE: 0\r\nINSTRUMENTATION_STATUS: stream=\r\nTest results for UiAutomatorTestRunner=.\r\nTime: 7.33\r\n\r\nOK (1 test)\r\n\r\n\r\nINSTRUMENTATION_STATUS_CODE: -1\r\n'),
(68, '2013-05-07 21:38:38', 108, 'PASSED', 1, 0, 0, 'INSTRUMENTATION_STATUS: current=1\r\nINSTRUMENTATION_STATUS: id=UiAutomatorTestRunner\r\nINSTRUMENTATION_STATUS: class=com.test.TestButton3\r\nINSTRUMENTATION_STATUS: stream=\r\ncom.test.TestButton3:\r\nINSTRUMENTATION_STATUS: numtests=1\r\nINSTRUMENTATION_STATUS: test=test1\r\nINSTRUMENTATION_STATUS_CODE: 1\r\nINSTRUMENTATION_STATUS: current=1\r\nINSTRUMENTATION_STATUS: id=UiAutomatorTestRunner\r\nINSTRUMENTATION_STATUS: class=com.test.TestButton3\r\nINSTRUMENTATION_STATUS: stream=.\r\nINSTRUMENTATION_STATUS: numtests=1\r\nINSTRUMENTATION_STATUS: test=test1\r\nINSTRUMENTATION_STATUS_CODE: 0\r\nINSTRUMENTATION_STATUS: stream=\r\nTest results for UiAutomatorTestRunner=.\r\nTime: 7.325\r\n\r\nOK (1 test)\r\n\r\n\r\nINSTRUMENTATION_STATUS_CODE: -1\r\n'),
(69, '2013-05-07 21:38:39', 109, 'PASSED', 1, 0, 0, 'INSTRUMENTATION_STATUS: current=1\r\nINSTRUMENTATION_STATUS: id=UiAutomatorTestRunner\r\nINSTRUMENTATION_STATUS: class=com.test.TestButton4\r\nINSTRUMENTATION_STATUS: stream=\r\ncom.test.TestButton4:\r\nINSTRUMENTATION_STATUS: numtests=1\r\nINSTRUMENTATION_STATUS: test=test1\r\nINSTRUMENTATION_STATUS_CODE: 1\r\nINSTRUMENTATION_STATUS: current=1\r\nINSTRUMENTATION_STATUS: id=UiAutomatorTestRunner\r\nINSTRUMENTATION_STATUS: class=com.test.TestButton4\r\nINSTRUMENTATION_STATUS: stream=.\r\nINSTRUMENTATION_STATUS: numtests=1\r\nINSTRUMENTATION_STATUS: test=test1\r\nINSTRUMENTATION_STATUS_CODE: 0\r\nINSTRUMENTATION_STATUS: stream=\r\nTest results for UiAutomatorTestRunner=.\r\nTime: 7.72\r\n\r\nOK (1 test)\r\n\r\n\r\nINSTRUMENTATION_STATUS_CODE: -1\r\n'),
(70, '2013-05-07 21:38:40', 107, 'PASSED', 1, 0, 0, 'INSTRUMENTATION_STATUS: current=1\r\nINSTRUMENTATION_STATUS: id=UiAutomatorTestRunner\r\nINSTRUMENTATION_STATUS: class=com.test.TestButton2\r\nINSTRUMENTATION_STATUS: stream=\r\ncom.test.TestButton2:\r\nINSTRUMENTATION_STATUS: numtests=1\r\nINSTRUMENTATION_STATUS: test=test1\r\nINSTRUMENTATION_STATUS_CODE: 1\r\nINSTRUMENTATION_STATUS: current=1\r\nINSTRUMENTATION_STATUS: id=UiAutomatorTestRunner\r\nINSTRUMENTATION_STATUS: class=com.test.TestButton2\r\nINSTRUMENTATION_STATUS: stream=.\r\nINSTRUMENTATION_STATUS: numtests=1\r\nINSTRUMENTATION_STATUS: test=test1\r\nINSTRUMENTATION_STATUS_CODE: 0\r\nINSTRUMENTATION_STATUS: stream=\r\nTest results for UiAutomatorTestRunner=.\r\nTime: 9.677\r\n\r\nOK (1 test)\r\n\r\n\r\nINSTRUMENTATION_STATUS_CODE: -1\r\n'),
(71, '2013-05-07 22:16:04', 112, 'PASSED', 1, 0, 0, 'INSTRUMENTATION_STATUS: current=1\r\nINSTRUMENTATION_STATUS: id=UiAutomatorTestRunner\r\nINSTRUMENTATION_STATUS: class=com.test.TestButton3\r\nINSTRUMENTATION_STATUS: stream=\r\ncom.test.TestButton3:\r\nINSTRUMENTATION_STATUS: numtests=1\r\nINSTRUMENTATION_STATUS: test=test1\r\nINSTRUMENTATION_STATUS_CODE: 1\r\nINSTRUMENTATION_STATUS: current=1\r\nINSTRUMENTATION_STATUS: id=UiAutomatorTestRunner\r\nINSTRUMENTATION_STATUS: class=com.test.TestButton3\r\nINSTRUMENTATION_STATUS: stream=.\r\nINSTRUMENTATION_STATUS: numtests=1\r\nINSTRUMENTATION_STATUS: test=test1\r\nINSTRUMENTATION_STATUS_CODE: 0\r\nINSTRUMENTATION_STATUS: stream=\r\nTest results for UiAutomatorTestRunner=.\r\nTime: 6.765\r\n\r\nOK (1 test)\r\n\r\n\r\nINSTRUMENTATION_STATUS_CODE: -1\r\n'),
(72, '2013-05-07 22:16:04', 113, 'PASSED', 1, 0, 0, 'INSTRUMENTATION_STATUS: current=1\r\nINSTRUMENTATION_STATUS: id=UiAutomatorTestRunner\r\nINSTRUMENTATION_STATUS: class=com.test.TestButton4\r\nINSTRUMENTATION_STATUS: stream=\r\ncom.test.TestButton4:\r\nINSTRUMENTATION_STATUS: numtests=1\r\nINSTRUMENTATION_STATUS: test=test1\r\nINSTRUMENTATION_STATUS_CODE: 1\r\nINSTRUMENTATION_STATUS: current=1\r\nINSTRUMENTATION_STATUS: id=UiAutomatorTestRunner\r\nINSTRUMENTATION_STATUS: class=com.test.TestButton4\r\nINSTRUMENTATION_STATUS: stream=.\r\nINSTRUMENTATION_STATUS: numtests=1\r\nINSTRUMENTATION_STATUS: test=test1\r\nINSTRUMENTATION_STATUS_CODE: 0\r\nINSTRUMENTATION_STATUS: stream=\r\nTest results for UiAutomatorTestRunner=.\r\nTime: 7.243\r\n\r\nOK (1 test)\r\n\r\n\r\nINSTRUMENTATION_STATUS_CODE: -1\r\n'),
(73, '2013-05-07 22:16:05', 111, 'PASSED', 1, 0, 0, 'INSTRUMENTATION_STATUS: current=1\r\nINSTRUMENTATION_STATUS: id=UiAutomatorTestRunner\r\nINSTRUMENTATION_STATUS: class=com.test.TestButton2\r\nINSTRUMENTATION_STATUS: stream=\r\ncom.test.TestButton2:\r\nINSTRUMENTATION_STATUS: numtests=1\r\nINSTRUMENTATION_STATUS: test=test1\r\nINSTRUMENTATION_STATUS_CODE: 1\r\nINSTRUMENTATION_STATUS: current=1\r\nINSTRUMENTATION_STATUS: id=UiAutomatorTestRunner\r\nINSTRUMENTATION_STATUS: class=com.test.TestButton2\r\nINSTRUMENTATION_STATUS: stream=.\r\nINSTRUMENTATION_STATUS: numtests=1\r\nINSTRUMENTATION_STATUS: test=test1\r\nINSTRUMENTATION_STATUS_CODE: 0\r\nINSTRUMENTATION_STATUS: stream=\r\nTest results for UiAutomatorTestRunner=.\r\nTime: 7.456\r\n\r\nOK (1 test)\r\n\r\n\r\nINSTRUMENTATION_STATUS_CODE: -1\r\n'),
(74, '2013-05-07 22:16:07', 110, 'PASSED', 1, 0, 0, 'INSTRUMENTATION_STATUS: current=1\r\nINSTRUMENTATION_STATUS: id=UiAutomatorTestRunner\r\nINSTRUMENTATION_STATUS: class=com.test.TestButton1\r\nINSTRUMENTATION_STATUS: stream=\r\ncom.test.TestButton1:\r\nINSTRUMENTATION_STATUS: numtests=1\r\nINSTRUMENTATION_STATUS: test=test1\r\nINSTRUMENTATION_STATUS_CODE: 1\r\nINSTRUMENTATION_STATUS: current=1\r\nINSTRUMENTATION_STATUS: id=UiAutomatorTestRunner\r\nINSTRUMENTATION_STATUS: class=com.test.TestButton1\r\nINSTRUMENTATION_STATUS: stream=.\r\nINSTRUMENTATION_STATUS: numtests=1\r\nINSTRUMENTATION_STATUS: test=test1\r\nINSTRUMENTATION_STATUS_CODE: 0\r\nINSTRUMENTATION_STATUS: stream=\r\nTest results for UiAutomatorTestRunner=.\r\nTime: 9.831\r\n\r\nOK (1 test)\r\n\r\n\r\nINSTRUMENTATION_STATUS_CODE: -1\r\n'),
(75, '2013-05-09 12:00:33', 114, 'PASSED', 4, 0, 0, 'INSTRUMENTATION_STATUS: current=1\r\nINSTRUMENTATION_STATUS: id=UiAutomatorTestRunner\r\nINSTRUMENTATION_STATUS: class=com.test.TestButton1\r\nINSTRUMENTATION_STATUS: stream=\r\ncom.test.TestButton1:\r\nINSTRUMENTATION_STATUS: numtests=4\r\nINSTRUMENTATION_STATUS: test=test1\r\nINSTRUMENTATION_STATUS_CODE: 1\r\nINSTRUMENTATION_STATUS: current=1\r\nINSTRUMENTATION_STATUS: id=UiAutomatorTestRunner\r\nINSTRUMENTATION_STATUS: class=com.test.TestButton1\r\nINSTRUMENTATION_STATUS: stream=.\r\nINSTRUMENTATION_STATUS: numtests=4\r\nINSTRUMENTATION_STATUS: test=test1\r\nINSTRUMENTATION_STATUS_CODE: 0\r\nINSTRUMENTATION_STATUS: current=2\r\nINSTRUMENTATION_STATUS: id=UiAutomatorTestRunner\r\nINSTRUMENTATION_STATUS: class=com.test.TestButton2\r\nINSTRUMENTATION_STATUS: stream=\r\ncom.test.TestButton2:\r\nINSTRUMENTATION_STATUS: numtests=4\r\nINSTRUMENTATION_STATUS: test=test1\r\nINSTRUMENTATION_STATUS_CODE: 1\r\nINSTRUMENTATION_STATUS: current=2\r\nINSTRUMENTATION_STATUS: id=UiAutomatorTestRunner\r\nINSTRUMENTATION_STATUS: class=com.test.TestButton2\r\nINSTRUMENTATION_STATUS: stream=.\r\nINSTRUMENTATION_STATUS: numtests=4\r\nINSTRUMENTATION_STATUS: test=test1\r\nINSTRUMENTATION_STATUS_CODE: 0\r\nINSTRUMENTATION_STATUS: current=3\r\nINSTRUMENTATION_STATUS: id=UiAutomatorTestRunner\r\nINSTRUMENTATION_STATUS: class=com.test.TestButton3\r\nINSTRUMENTATION_STATUS: stream=\r\ncom.test.TestButton3:\r\nINSTRUMENTATION_STATUS: numtests=4\r\nINSTRUMENTATION_STATUS: test=test1\r\nINSTRUMENTATION_STATUS_CODE: 1\r\nINSTRUMENTATION_STATUS: current=3\r\nINSTRUMENTATION_STATUS: id=UiAutomatorTestRunner\r\nINSTRUMENTATION_STATUS: class=com.test.TestButton3\r\nINSTRUMENTATION_STATUS: stream=.\r\nINSTRUMENTATION_STATUS: numtests=4\r\nINSTRUMENTATION_STATUS: test=test1\r\nINSTRUMENTATION_STATUS_CODE: 0\r\nINSTRUMENTATION_STATUS: current=4\r\nINSTRUMENTATION_STATUS: id=UiAutomatorTestRunner\r\nINSTRUMENTATION_STATUS: class=com.test.TestButton4\r\nINSTRUMENTATION_STATUS: stream=\r\ncom.test.TestButton4:\r\nINSTRUMENTATION_STATUS: numtests=4\r\nINSTRUMENTATION_STATUS: test=test1\r\nINSTRUMENTATION_STATUS_CODE: 1\r\nINSTRUMENTATION_STATUS: current=4\r\nINSTRUMENTATION_STATUS: id=UiAutomatorTestRunner\r\nINSTRUMENTATION_STATUS: class=com.test.TestButton4\r\nINSTRUMENTATION_STATUS: stream=.\r\nINSTRUMENTATION_STATUS: numtests=4\r\nINSTRUMENTATION_STATUS: test=test1\r\nINSTRUMENTATION_STATUS_CODE: 0\r\nINSTRUMENTATION_STATUS: stream=\r\nTest results for UiAutomatorTestRunner=....\r\nTime: 31.417\r\n\r\nOK (4 tests)\r\n\r\n\r\nINSTRUMENTATION_STATUS_CODE: -1\r\n'),
(76, '2013-05-09 12:01:05', 116, 'PASSED', 1, 0, 0, 'INSTRUMENTATION_STATUS: current=1\r\nINSTRUMENTATION_STATUS: id=UiAutomatorTestRunner\r\nINSTRUMENTATION_STATUS: class=com.test.TestButton2\r\nINSTRUMENTATION_STATUS: stream=\r\ncom.test.TestButton2:\r\nINSTRUMENTATION_STATUS: numtests=1\r\nINSTRUMENTATION_STATUS: test=test1\r\nINSTRUMENTATION_STATUS_CODE: 1\r\nINSTRUMENTATION_STATUS: current=1\r\nINSTRUMENTATION_STATUS: id=UiAutomatorTestRunner\r\nINSTRUMENTATION_STATUS: class=com.test.TestButton2\r\nINSTRUMENTATION_STATUS: stream=.\r\nINSTRUMENTATION_STATUS: numtests=1\r\nINSTRUMENTATION_STATUS: test=test1\r\nINSTRUMENTATION_STATUS_CODE: 0\r\nINSTRUMENTATION_STATUS: stream=\r\nTest results for UiAutomatorTestRunner=.\r\nTime: 7.972\r\n\r\nOK (1 test)\r\n\r\n\r\nINSTRUMENTATION_STATUS_CODE: -1\r\n'),
(77, '2013-05-09 12:01:06', 115, 'PASSED', 1, 0, 0, 'INSTRUMENTATION_STATUS: current=1\r\nINSTRUMENTATION_STATUS: id=UiAutomatorTestRunner\r\nINSTRUMENTATION_STATUS: class=com.test.TestButton1\r\nINSTRUMENTATION_STATUS: stream=\r\ncom.test.TestButton1:\r\nINSTRUMENTATION_STATUS: numtests=1\r\nINSTRUMENTATION_STATUS: test=test1\r\nINSTRUMENTATION_STATUS_CODE: 1\r\nINSTRUMENTATION_STATUS: current=1\r\nINSTRUMENTATION_STATUS: id=UiAutomatorTestRunner\r\nINSTRUMENTATION_STATUS: class=com.test.TestButton1\r\nINSTRUMENTATION_STATUS: stream=.\r\nINSTRUMENTATION_STATUS: numtests=1\r\nINSTRUMENTATION_STATUS: test=test1\r\nINSTRUMENTATION_STATUS_CODE: 0\r\nINSTRUMENTATION_STATUS: stream=\r\nTest results for UiAutomatorTestRunner=.\r\nTime: 10.098\r\n\r\nOK (1 test)\r\n\r\n\r\nINSTRUMENTATION_STATUS_CODE: -1\r\n'),
(78, '2013-05-09 12:01:14', 117, 'PASSED', 2, 0, 0, 'INSTRUMENTATION_STATUS: current=1\r\nINSTRUMENTATION_STATUS: id=UiAutomatorTestRunner\r\nINSTRUMENTATION_STATUS: class=com.test.TestButton3\r\nINSTRUMENTATION_STATUS: stream=\r\ncom.test.TestButton3:\r\nINSTRUMENTATION_STATUS: numtests=2\r\nINSTRUMENTATION_STATUS: test=test1\r\nINSTRUMENTATION_STATUS_CODE: 1\r\nINSTRUMENTATION_STATUS: current=1\r\nINSTRUMENTATION_STATUS: id=UiAutomatorTestRunner\r\nINSTRUMENTATION_STATUS: class=com.test.TestButton3\r\nINSTRUMENTATION_STATUS: stream=.\r\nINSTRUMENTATION_STATUS: numtests=2\r\nINSTRUMENTATION_STATUS: test=test1\r\nINSTRUMENTATION_STATUS_CODE: 0\r\nINSTRUMENTATION_STATUS: current=2\r\nINSTRUMENTATION_STATUS: id=UiAutomatorTestRunner\r\nINSTRUMENTATION_STATUS: class=com.test.TestButton4\r\nINSTRUMENTATION_STATUS: stream=\r\ncom.test.TestButton4:\r\nINSTRUMENTATION_STATUS: numtests=2\r\nINSTRUMENTATION_STATUS: test=test1\r\nINSTRUMENTATION_STATUS_CODE: 1\r\nINSTRUMENTATION_STATUS: current=2\r\nINSTRUMENTATION_STATUS: id=UiAutomatorTestRunner\r\nINSTRUMENTATION_STATUS: class=com.test.TestButton4\r\nINSTRUMENTATION_STATUS: stream=.\r\nINSTRUMENTATION_STATUS: numtests=2\r\nINSTRUMENTATION_STATUS: test=test1\r\nINSTRUMENTATION_STATUS_CODE: 0\r\nINSTRUMENTATION_STATUS: stream=\r\nTest results for UiAutomatorTestRunner=..\r\nTime: 17.353\r\n\r\nOK (2 tests)\r\n\r\n\r\nINSTRUMENTATION_STATUS_CODE: -1\r\n'),
(79, '2013-05-09 18:28:20', 119, 'PASSED', 4, 0, 0, 'INSTRUMENTATION_STATUS: current=1\r\nINSTRUMENTATION_STATUS: id=UiAutomatorTestRunner\r\nINSTRUMENTATION_STATUS: class=com.test.TestButton1\r\nINSTRUMENTATION_STATUS: stream=\r\ncom.test.TestButton1:\r\nINSTRUMENTATION_STATUS: numtests=4\r\nINSTRUMENTATION_STATUS: test=test1\r\nINSTRUMENTATION_STATUS_CODE: 1\r\nINSTRUMENTATION_STATUS: current=1\r\nINSTRUMENTATION_STATUS: id=UiAutomatorTestRunner\r\nINSTRUMENTATION_STATUS: class=com.test.TestButton1\r\nINSTRUMENTATION_STATUS: stream=.\r\nINSTRUMENTATION_STATUS: numtests=4\r\nINSTRUMENTATION_STATUS: test=test1\r\nINSTRUMENTATION_STATUS_CODE: 0\r\nINSTRUMENTATION_STATUS: current=2\r\nINSTRUMENTATION_STATUS: id=UiAutomatorTestRunner\r\nINSTRUMENTATION_STATUS: class=com.test.TestButton2\r\nINSTRUMENTATION_STATUS: stream=\r\ncom.test.TestButton2:\r\nINSTRUMENTATION_STATUS: numtests=4\r\nINSTRUMENTATION_STATUS: test=test1\r\nINSTRUMENTATION_STATUS_CODE: 1\r\nINSTRUMENTATION_STATUS: current=2\r\nINSTRUMENTATION_STATUS: id=UiAutomatorTestRunner\r\nINSTRUMENTATION_STATUS: class=com.test.TestButton2\r\nINSTRUMENTATION_STATUS: stream=.\r\nINSTRUMENTATION_STATUS: numtests=4\r\nINSTRUMENTATION_STATUS: test=test1\r\nINSTRUMENTATION_STATUS_CODE: 0\r\nINSTRUMENTATION_STATUS: current=3\r\nINSTRUMENTATION_STATUS: id=UiAutomatorTestRunner\r\nINSTRUMENTATION_STATUS: class=com.test.TestButton3\r\nINSTRUMENTATION_STATUS: stream=\r\ncom.test.TestButton3:\r\nINSTRUMENTATION_STATUS: numtests=4\r\nINSTRUMENTATION_STATUS: test=test1\r\nINSTRUMENTATION_STATUS_CODE: 1\r\nINSTRUMENTATION_STATUS: current=3\r\nINSTRUMENTATION_STATUS: id=UiAutomatorTestRunner\r\nINSTRUMENTATION_STATUS: class=com.test.TestButton3\r\nINSTRUMENTATION_STATUS: stream=.\r\nINSTRUMENTATION_STATUS: numtests=4\r\nINSTRUMENTATION_STATUS: test=test1\r\nINSTRUMENTATION_STATUS_CODE: 0\r\nINSTRUMENTATION_STATUS: current=4\r\nINSTRUMENTATION_STATUS: id=UiAutomatorTestRunner\r\nINSTRUMENTATION_STATUS: class=com.test.TestButton4\r\nINSTRUMENTATION_STATUS: stream=\r\ncom.test.TestButton4:\r\nINSTRUMENTATION_STATUS: numtests=4\r\nINSTRUMENTATION_STATUS: test=test1\r\nINSTRUMENTATION_STATUS_CODE: 1\r\nINSTRUMENTATION_STATUS: current=4\r\nINSTRUMENTATION_STATUS: id=UiAutomatorTestRunner\r\nINSTRUMENTATION_STATUS: class=com.test.TestButton4\r\nINSTRUMENTATION_STATUS: stream=.\r\nINSTRUMENTATION_STATUS: numtests=4\r\nINSTRUMENTATION_STATUS: test=test1\r\nINSTRUMENTATION_STATUS_CODE: 0\r\nINSTRUMENTATION_STATUS: stream=\r\nTest results for UiAutomatorTestRunner=....\r\nTime: 39.258\r\n\r\nOK (4 tests)\r\n\r\n\r\nINSTRUMENTATION_STATUS_CODE: -1\r\n'),
(80, '2013-05-09 18:37:37', 121, 'PASSED', 1, 0, 0, 'INSTRUMENTATION_STATUS: current=1\r\nINSTRUMENTATION_STATUS: id=UiAutomatorTestRunner\r\nINSTRUMENTATION_STATUS: class=com.test.TestButton2\r\nINSTRUMENTATION_STATUS: stream=\r\ncom.test.TestButton2:\r\nINSTRUMENTATION_STATUS: numtests=1\r\nINSTRUMENTATION_STATUS: test=test1\r\nINSTRUMENTATION_STATUS_CODE: 1\r\nINSTRUMENTATION_STATUS: current=1\r\nINSTRUMENTATION_STATUS: id=UiAutomatorTestRunner\r\nINSTRUMENTATION_STATUS: class=com.test.TestButton2\r\nINSTRUMENTATION_STATUS: stream=.\r\nINSTRUMENTATION_STATUS: numtests=1\r\nINSTRUMENTATION_STATUS: test=test1\r\nINSTRUMENTATION_STATUS_CODE: 0\r\nINSTRUMENTATION_STATUS: stream=\r\nTest results for UiAutomatorTestRunner=.\r\nTime: 7.789\r\n\r\nOK (1 test)\r\n\r\n\r\nINSTRUMENTATION_STATUS_CODE: -1\r\n'),
(81, '2013-05-09 18:37:37', 120, 'PASSED', 1, 0, 0, 'INSTRUMENTATION_STATUS: current=1\r\nINSTRUMENTATION_STATUS: id=UiAutomatorTestRunner\r\nINSTRUMENTATION_STATUS: class=com.test.TestButton1\r\nINSTRUMENTATION_STATUS: stream=\r\ncom.test.TestButton1:\r\nINSTRUMENTATION_STATUS: numtests=1\r\nINSTRUMENTATION_STATUS: test=test1\r\nINSTRUMENTATION_STATUS_CODE: 1\r\nINSTRUMENTATION_STATUS: current=1\r\nINSTRUMENTATION_STATUS: id=UiAutomatorTestRunner\r\nINSTRUMENTATION_STATUS: class=com.test.TestButton1\r\nINSTRUMENTATION_STATUS: stream=.\r\nINSTRUMENTATION_STATUS: numtests=1\r\nINSTRUMENTATION_STATUS: test=test1\r\nINSTRUMENTATION_STATUS_CODE: 0\r\nINSTRUMENTATION_STATUS: stream=\r\nTest results for UiAutomatorTestRunner=.\r\nTime: 7.797\r\n\r\nOK (1 test)\r\n\r\n\r\nINSTRUMENTATION_STATUS_CODE: -1\r\n'),
(82, '2013-05-09 18:37:47', 122, 'PASSED', 2, 0, 0, 'INSTRUMENTATION_STATUS: current=1\r\nINSTRUMENTATION_STATUS: id=UiAutomatorTestRunner\r\nINSTRUMENTATION_STATUS: class=com.test.TestButton3\r\nINSTRUMENTATION_STATUS: stream=\r\ncom.test.TestButton3:\r\nINSTRUMENTATION_STATUS: numtests=2\r\nINSTRUMENTATION_STATUS: test=test1\r\nINSTRUMENTATION_STATUS_CODE: 1\r\nINSTRUMENTATION_STATUS: current=1\r\nINSTRUMENTATION_STATUS: id=UiAutomatorTestRunner\r\nINSTRUMENTATION_STATUS: class=com.test.TestButton3\r\nINSTRUMENTATION_STATUS: stream=.\r\nINSTRUMENTATION_STATUS: numtests=2\r\nINSTRUMENTATION_STATUS: test=test1\r\nINSTRUMENTATION_STATUS_CODE: 0\r\nINSTRUMENTATION_STATUS: current=2\r\nINSTRUMENTATION_STATUS: id=UiAutomatorTestRunner\r\nINSTRUMENTATION_STATUS: class=com.test.TestButton4\r\nINSTRUMENTATION_STATUS: stream=\r\ncom.test.TestButton4:\r\nINSTRUMENTATION_STATUS: numtests=2\r\nINSTRUMENTATION_STATUS: test=test1\r\nINSTRUMENTATION_STATUS_CODE: 1\r\nINSTRUMENTATION_STATUS: current=2\r\nINSTRUMENTATION_STATUS: id=UiAutomatorTestRunner\r\nINSTRUMENTATION_STATUS: class=com.test.TestButton4\r\nINSTRUMENTATION_STATUS: stream=.\r\nINSTRUMENTATION_STATUS: numtests=2\r\nINSTRUMENTATION_STATUS: test=test1\r\nINSTRUMENTATION_STATUS_CODE: 0\r\nINSTRUMENTATION_STATUS: stream=\r\nTest results for UiAutomatorTestRunner=..\r\nTime: 17.467\r\n\r\nOK (2 tests)\r\n\r\n\r\nINSTRUMENTATION_STATUS_CODE: -1\r\n'),
(83, '2013-05-09 18:38:19', 123, 'PASSED', 4, 0, 0, 'INSTRUMENTATION_STATUS: current=1\r\nINSTRUMENTATION_STATUS: id=UiAutomatorTestRunner\r\nINSTRUMENTATION_STATUS: class=com.test.TestButton1\r\nINSTRUMENTATION_STATUS: stream=\r\ncom.test.TestButton1:\r\nINSTRUMENTATION_STATUS: numtests=4\r\nINSTRUMENTATION_STATUS: test=test1\r\nINSTRUMENTATION_STATUS_CODE: 1\r\nINSTRUMENTATION_STATUS: current=1\r\nINSTRUMENTATION_STATUS: id=UiAutomatorTestRunner\r\nINSTRUMENTATION_STATUS: class=com.test.TestButton1\r\nINSTRUMENTATION_STATUS: stream=.\r\nINSTRUMENTATION_STATUS: numtests=4\r\nINSTRUMENTATION_STATUS: test=test1\r\nINSTRUMENTATION_STATUS_CODE: 0\r\nINSTRUMENTATION_STATUS: current=2\r\nINSTRUMENTATION_STATUS: id=UiAutomatorTestRunner\r\nINSTRUMENTATION_STATUS: class=com.test.TestButton2\r\nINSTRUMENTATION_STATUS: stream=\r\ncom.test.TestButton2:\r\nINSTRUMENTATION_STATUS: numtests=4\r\nINSTRUMENTATION_STATUS: test=test1\r\nINSTRUMENTATION_STATUS_CODE: 1\r\nINSTRUMENTATION_STATUS: current=2\r\nINSTRUMENTATION_STATUS: id=UiAutomatorTestRunner\r\nINSTRUMENTATION_STATUS: class=com.test.TestButton2\r\nINSTRUMENTATION_STATUS: stream=.\r\nINSTRUMENTATION_STATUS: numtests=4\r\nINSTRUMENTATION_STATUS: test=test1\r\nINSTRUMENTATION_STATUS_CODE: 0\r\nINSTRUMENTATION_STATUS: current=3\r\nINSTRUMENTATION_STATUS: id=UiAutomatorTestRunner\r\nINSTRUMENTATION_STATUS: class=com.test.TestButton3\r\nINSTRUMENTATION_STATUS: stream=\r\ncom.test.TestButton3:\r\nINSTRUMENTATION_STATUS: numtests=4\r\nINSTRUMENTATION_STATUS: test=test1\r\nINSTRUMENTATION_STATUS_CODE: 1\r\nINSTRUMENTATION_STATUS: current=3\r\nINSTRUMENTATION_STATUS: id=UiAutomatorTestRunner\r\nINSTRUMENTATION_STATUS: class=com.test.TestButton3\r\nINSTRUMENTATION_STATUS: stream=.\r\nINSTRUMENTATION_STATUS: numtests=4\r\nINSTRUMENTATION_STATUS: test=test1\r\nINSTRUMENTATION_STATUS_CODE: 0\r\nINSTRUMENTATION_STATUS: current=4\r\nINSTRUMENTATION_STATUS: id=UiAutomatorTestRunner\r\nINSTRUMENTATION_STATUS: class=com.test.TestButton4\r\nINSTRUMENTATION_STATUS: stream=\r\ncom.test.TestButton4:\r\nINSTRUMENTATION_STATUS: numtests=4\r\nINSTRUMENTATION_STATUS: test=test1\r\nINSTRUMENTATION_STATUS_CODE: 1\r\nINSTRUMENTATION_STATUS: current=4\r\nINSTRUMENTATION_STATUS: id=UiAutomatorTestRunner\r\nINSTRUMENTATION_STATUS: class=com.test.TestButton4\r\nINSTRUMENTATION_STATUS: stream=.\r\nINSTRUMENTATION_STATUS: numtests=4\r\nINSTRUMENTATION_STATUS: test=test1\r\nINSTRUMENTATION_STATUS_CODE: 0\r\nINSTRUMENTATION_STATUS: stream=\r\nTest results for UiAutomatorTestRunner=....\r\nTime: 43.834\r\n\r\nOK (4 tests)\r\n\r\n\r\nINSTRUMENTATION_STATUS_CODE: -1\r\n'),
(84, '2013-05-09 18:53:46', 124, 'PASSED', 4, 0, 0, 'INSTRUMENTATION_STATUS: current=1\r\nINSTRUMENTATION_STATUS: id=UiAutomatorTestRunner\r\nINSTRUMENTATION_STATUS: class=com.test.TestButton1\r\nINSTRUMENTATION_STATUS: stream=\r\ncom.test.TestButton1:\r\nINSTRUMENTATION_STATUS: numtests=4\r\nINSTRUMENTATION_STATUS: test=test1\r\nINSTRUMENTATION_STATUS_CODE: 1\r\nINSTRUMENTATION_STATUS: current=1\r\nINSTRUMENTATION_STATUS: id=UiAutomatorTestRunner\r\nINSTRUMENTATION_STATUS: class=com.test.TestButton1\r\nINSTRUMENTATION_STATUS: stream=.\r\nINSTRUMENTATION_STATUS: numtests=4\r\nINSTRUMENTATION_STATUS: test=test1\r\nINSTRUMENTATION_STATUS_CODE: 0\r\nINSTRUMENTATION_STATUS: current=2\r\nINSTRUMENTATION_STATUS: id=UiAutomatorTestRunner\r\nINSTRUMENTATION_STATUS: class=com.test.TestButton2\r\nINSTRUMENTATION_STATUS: stream=\r\ncom.test.TestButton2:\r\nINSTRUMENTATION_STATUS: numtests=4\r\nINSTRUMENTATION_STATUS: test=test1\r\nINSTRUMENTATION_STATUS_CODE: 1\r\nINSTRUMENTATION_STATUS: current=2\r\nINSTRUMENTATION_STATUS: id=UiAutomatorTestRunner\r\nINSTRUMENTATION_STATUS: class=com.test.TestButton2\r\nINSTRUMENTATION_STATUS: stream=.\r\nINSTRUMENTATION_STATUS: numtests=4\r\nINSTRUMENTATION_STATUS: test=test1\r\nINSTRUMENTATION_STATUS_CODE: 0\r\nINSTRUMENTATION_STATUS: current=3\r\nINSTRUMENTATION_STATUS: id=UiAutomatorTestRunner\r\nINSTRUMENTATION_STATUS: class=com.test.TestButton3\r\nINSTRUMENTATION_STATUS: stream=\r\ncom.test.TestButton3:\r\nINSTRUMENTATION_STATUS: numtests=4\r\nINSTRUMENTATION_STATUS: test=test1\r\nINSTRUMENTATION_STATUS_CODE: 1\r\nINSTRUMENTATION_STATUS: current=3\r\nINSTRUMENTATION_STATUS: id=UiAutomatorTestRunner\r\nINSTRUMENTATION_STATUS: class=com.test.TestButton3\r\nINSTRUMENTATION_STATUS: stream=.\r\nINSTRUMENTATION_STATUS: numtests=4\r\nINSTRUMENTATION_STATUS: test=test1\r\nINSTRUMENTATION_STATUS_CODE: 0\r\nINSTRUMENTATION_STATUS: current=4\r\nINSTRUMENTATION_STATUS: id=UiAutomatorTestRunner\r\nINSTRUMENTATION_STATUS: class=com.test.TestButton4\r\nINSTRUMENTATION_STATUS: stream=\r\ncom.test.TestButton4:\r\nINSTRUMENTATION_STATUS: numtests=4\r\nINSTRUMENTATION_STATUS: test=test1\r\nINSTRUMENTATION_STATUS_CODE: 1\r\nINSTRUMENTATION_STATUS: current=4\r\nINSTRUMENTATION_STATUS: id=UiAutomatorTestRunner\r\nINSTRUMENTATION_STATUS: class=com.test.TestButton4\r\nINSTRUMENTATION_STATUS: stream=.\r\nINSTRUMENTATION_STATUS: numtests=4\r\nINSTRUMENTATION_STATUS: test=test1\r\nINSTRUMENTATION_STATUS_CODE: 0\r\nINSTRUMENTATION_STATUS: stream=\r\nTest results for UiAutomatorTestRunner=....\r\nTime: 34.239\r\n\r\nOK (4 tests)\r\n\r\n\r\nINSTRUMENTATION_STATUS_CODE: -1\r\n'),
(85, '2013-05-09 18:55:15', 127, 'PASSED', 1, 0, 0, 'INSTRUMENTATION_STATUS: current=1\r\nINSTRUMENTATION_STATUS: id=UiAutomatorTestRunner\r\nINSTRUMENTATION_STATUS: class=com.test.TestButton2\r\nINSTRUMENTATION_STATUS: stream=\r\ncom.test.TestButton2:\r\nINSTRUMENTATION_STATUS: numtests=1\r\nINSTRUMENTATION_STATUS: test=test1\r\nINSTRUMENTATION_STATUS_CODE: 1\r\nINSTRUMENTATION_STATUS: current=1\r\nINSTRUMENTATION_STATUS: id=UiAutomatorTestRunner\r\nINSTRUMENTATION_STATUS: class=com.test.TestButton2\r\nINSTRUMENTATION_STATUS: stream=.\r\nINSTRUMENTATION_STATUS: numtests=1\r\nINSTRUMENTATION_STATUS: test=test1\r\nINSTRUMENTATION_STATUS_CODE: 0\r\nINSTRUMENTATION_STATUS: stream=\r\nTest results for UiAutomatorTestRunner=.\r\nTime: 7.86\r\n\r\nOK (1 test)\r\n\r\n\r\nINSTRUMENTATION_STATUS_CODE: -1\r\n'),
(86, '2013-05-09 18:55:17', 126, 'PASSED', 1, 0, 0, 'INSTRUMENTATION_STATUS: current=1\r\nINSTRUMENTATION_STATUS: id=UiAutomatorTestRunner\r\nINSTRUMENTATION_STATUS: class=com.test.TestButton1\r\nINSTRUMENTATION_STATUS: stream=\r\ncom.test.TestButton1:\r\nINSTRUMENTATION_STATUS: numtests=1\r\nINSTRUMENTATION_STATUS: test=test1\r\nINSTRUMENTATION_STATUS_CODE: 1\r\nINSTRUMENTATION_STATUS: current=1\r\nINSTRUMENTATION_STATUS: id=UiAutomatorTestRunner\r\nINSTRUMENTATION_STATUS: class=com.test.TestButton1\r\nINSTRUMENTATION_STATUS: stream=.\r\nINSTRUMENTATION_STATUS: numtests=1\r\nINSTRUMENTATION_STATUS: test=test1\r\nINSTRUMENTATION_STATUS_CODE: 0\r\nINSTRUMENTATION_STATUS: stream=\r\nTest results for UiAutomatorTestRunner=.\r\nTime: 9.62\r\n\r\nOK (1 test)\r\n\r\n\r\nINSTRUMENTATION_STATUS_CODE: -1\r\n'),
(87, '2013-05-09 18:55:25', 128, 'PASSED', 2, 0, 0, 'INSTRUMENTATION_STATUS: current=1\r\nINSTRUMENTATION_STATUS: id=UiAutomatorTestRunner\r\nINSTRUMENTATION_STATUS: class=com.test.TestButton3\r\nINSTRUMENTATION_STATUS: stream=\r\ncom.test.TestButton3:\r\nINSTRUMENTATION_STATUS: numtests=2\r\nINSTRUMENTATION_STATUS: test=test1\r\nINSTRUMENTATION_STATUS_CODE: 1\r\nINSTRUMENTATION_STATUS: current=1\r\nINSTRUMENTATION_STATUS: id=UiAutomatorTestRunner\r\nINSTRUMENTATION_STATUS: class=com.test.TestButton3\r\nINSTRUMENTATION_STATUS: stream=.\r\nINSTRUMENTATION_STATUS: numtests=2\r\nINSTRUMENTATION_STATUS: test=test1\r\nINSTRUMENTATION_STATUS_CODE: 0\r\nINSTRUMENTATION_STATUS: current=2\r\nINSTRUMENTATION_STATUS: id=UiAutomatorTestRunner\r\nINSTRUMENTATION_STATUS: class=com.test.TestButton4\r\nINSTRUMENTATION_STATUS: stream=\r\ncom.test.TestButton4:\r\nINSTRUMENTATION_STATUS: numtests=2\r\nINSTRUMENTATION_STATUS: test=test1\r\nINSTRUMENTATION_STATUS_CODE: 1\r\nINSTRUMENTATION_STATUS: current=2\r\nINSTRUMENTATION_STATUS: id=UiAutomatorTestRunner\r\nINSTRUMENTATION_STATUS: class=com.test.TestButton4\r\nINSTRUMENTATION_STATUS: stream=.\r\nINSTRUMENTATION_STATUS: numtests=2\r\nINSTRUMENTATION_STATUS: test=test1\r\nINSTRUMENTATION_STATUS_CODE: 0\r\nINSTRUMENTATION_STATUS: stream=\r\nTest results for UiAutomatorTestRunner=..\r\nTime: 17.379\r\n\r\nOK (2 tests)\r\n\r\n\r\nINSTRUMENTATION_STATUS_CODE: -1\r\n'),
(88, '2013-05-09 18:55:51', 125, 'PASSED', 4, 0, 0, 'INSTRUMENTATION_STATUS: current=1\r\nINSTRUMENTATION_STATUS: id=UiAutomatorTestRunner\r\nINSTRUMENTATION_STATUS: class=com.test.TestButton1\r\nINSTRUMENTATION_STATUS: stream=\r\ncom.test.TestButton1:\r\nINSTRUMENTATION_STATUS: numtests=4\r\nINSTRUMENTATION_STATUS: test=test1\r\nINSTRUMENTATION_STATUS_CODE: 1\r\nINSTRUMENTATION_STATUS: current=1\r\nINSTRUMENTATION_STATUS: id=UiAutomatorTestRunner\r\nINSTRUMENTATION_STATUS: class=com.test.TestButton1\r\nINSTRUMENTATION_STATUS: stream=.\r\nINSTRUMENTATION_STATUS: numtests=4\r\nINSTRUMENTATION_STATUS: test=test1\r\nINSTRUMENTATION_STATUS_CODE: 0\r\nINSTRUMENTATION_STATUS: current=2\r\nINSTRUMENTATION_STATUS: id=UiAutomatorTestRunner\r\nINSTRUMENTATION_STATUS: class=com.test.TestButton2\r\nINSTRUMENTATION_STATUS: stream=\r\ncom.test.TestButton2:\r\nINSTRUMENTATION_STATUS: numtests=4\r\nINSTRUMENTATION_STATUS: test=test1\r\nINSTRUMENTATION_STATUS_CODE: 1\r\nINSTRUMENTATION_STATUS: current=2\r\nINSTRUMENTATION_STATUS: id=UiAutomatorTestRunner\r\nINSTRUMENTATION_STATUS: class=com.test.TestButton2\r\nINSTRUMENTATION_STATUS: stream=.\r\nINSTRUMENTATION_STATUS: numtests=4\r\nINSTRUMENTATION_STATUS: test=test1\r\nINSTRUMENTATION_STATUS_CODE: 0\r\nINSTRUMENTATION_STATUS: current=3\r\nINSTRUMENTATION_STATUS: id=UiAutomatorTestRunner\r\nINSTRUMENTATION_STATUS: class=com.test.TestButton3\r\nINSTRUMENTATION_STATUS: stream=\r\ncom.test.TestButton3:\r\nINSTRUMENTATION_STATUS: numtests=4\r\nINSTRUMENTATION_STATUS: test=test1\r\nINSTRUMENTATION_STATUS_CODE: 1\r\nINSTRUMENTATION_STATUS: current=3\r\nINSTRUMENTATION_STATUS: id=UiAutomatorTestRunner\r\nINSTRUMENTATION_STATUS: class=com.test.TestButton3\r\nINSTRUMENTATION_STATUS: stream=.\r\nINSTRUMENTATION_STATUS: numtests=4\r\nINSTRUMENTATION_STATUS: test=test1\r\nINSTRUMENTATION_STATUS_CODE: 0\r\nINSTRUMENTATION_STATUS: current=4\r\nINSTRUMENTATION_STATUS: id=UiAutomatorTestRunner\r\nINSTRUMENTATION_STATUS: class=com.test.TestButton4\r\nINSTRUMENTATION_STATUS: stream=\r\ncom.test.TestButton4:\r\nINSTRUMENTATION_STATUS: numtests=4\r\nINSTRUMENTATION_STATUS: test=test1\r\nINSTRUMENTATION_STATUS_CODE: 1\r\nINSTRUMENTATION_STATUS: current=4\r\nINSTRUMENTATION_STATUS: id=UiAutomatorTestRunner\r\nINSTRUMENTATION_STATUS: class=com.test.TestButton4\r\nINSTRUMENTATION_STATUS: stream=.\r\nINSTRUMENTATION_STATUS: numtests=4\r\nINSTRUMENTATION_STATUS: test=test1\r\nINSTRUMENTATION_STATUS_CODE: 0\r\nINSTRUMENTATION_STATUS: stream=\r\nTest results for UiAutomatorTestRunner=....\r\nTime: 37.986\r\n\r\nOK (4 tests)\r\n\r\n\r\nINSTRUMENTATION_STATUS_CODE: -1\r\n'),
(89, '2013-06-05 22:33:45', 129, 'PASSED', 4, 0, 0, 'INSTRUMENTATION_STATUS: current=1\r\nINSTRUMENTATION_STATUS: id=UiAutomatorTestRunner\r\nINSTRUMENTATION_STATUS: class=com.test.TestButton1\r\nINSTRUMENTATION_STATUS: stream=\r\ncom.test.TestButton1:\r\nINSTRUMENTATION_STATUS: numtests=4\r\nINSTRUMENTATION_STATUS: test=test1\r\nINSTRUMENTATION_STATUS_CODE: 1\r\nINSTRUMENTATION_STATUS: current=1\r\nINSTRUMENTATION_STATUS: id=UiAutomatorTestRunner\r\nINSTRUMENTATION_STATUS: class=com.test.TestButton1\r\nINSTRUMENTATION_STATUS: stream=.\r\nINSTRUMENTATION_STATUS: numtests=4\r\nINSTRUMENTATION_STATUS: test=test1\r\nINSTRUMENTATION_STATUS_CODE: 0\r\nINSTRUMENTATION_STATUS: current=2\r\nINSTRUMENTATION_STATUS: id=UiAutomatorTestRunner\r\nINSTRUMENTATION_STATUS: class=com.test.TestButton2\r\nINSTRUMENTATION_STATUS: stream=\r\ncom.test.TestButton2:\r\nINSTRUMENTATION_STATUS: numtests=4\r\nINSTRUMENTATION_STATUS: test=test1\r\nINSTRUMENTATION_STATUS_CODE: 1\r\nINSTRUMENTATION_STATUS: current=2\r\nINSTRUMENTATION_STATUS: id=UiAutomatorTestRunner\r\nINSTRUMENTATION_STATUS: class=com.test.TestButton2\r\nINSTRUMENTATION_STATUS: stream=.\r\nINSTRUMENTATION_STATUS: numtests=4\r\nINSTRUMENTATION_STATUS: test=test1\r\nINSTRUMENTATION_STATUS_CODE: 0\r\nINSTRUMENTATION_STATUS: current=3\r\nINSTRUMENTATION_STATUS: id=UiAutomatorTestRunner\r\nINSTRUMENTATION_STATUS: class=com.test.TestButton3\r\nINSTRUMENTATION_STATUS: stream=\r\ncom.test.TestButton3:\r\nINSTRUMENTATION_STATUS: numtests=4\r\nINSTRUMENTATION_STATUS: test=test1\r\nINSTRUMENTATION_STATUS_CODE: 1\r\nINSTRUMENTATION_STATUS: current=3\r\nINSTRUMENTATION_STATUS: id=UiAutomatorTestRunner\r\nINSTRUMENTATION_STATUS: class=com.test.TestButton3\r\nINSTRUMENTATION_STATUS: stream=.\r\nINSTRUMENTATION_STATUS: numtests=4\r\nINSTRUMENTATION_STATUS: test=test1\r\nINSTRUMENTATION_STATUS_CODE: 0\r\nINSTRUMENTATION_STATUS: current=4\r\nINSTRUMENTATION_STATUS: id=UiAutomatorTestRunner\r\nINSTRUMENTATION_STATUS: class=com.test.TestButton4\r\nINSTRUMENTATION_STATUS: stream=\r\ncom.test.TestButton4:\r\nINSTRUMENTATION_STATUS: numtests=4\r\nINSTRUMENTATION_STATUS: test=test1\r\nINSTRUMENTATION_STATUS_CODE: 1\r\nINSTRUMENTATION_STATUS: current=4\r\nINSTRUMENTATION_STATUS: id=UiAutomatorTestRunner\r\nINSTRUMENTATION_STATUS: class=com.test.TestButton4\r\nINSTRUMENTATION_STATUS: stream=.\r\nINSTRUMENTATION_STATUS: numtests=4\r\nINSTRUMENTATION_STATUS: test=test1\r\nINSTRUMENTATION_STATUS_CODE: 0\r\nINSTRUMENTATION_STATUS: stream=\r\nTest results for UiAutomatorTestRunner=....\r\nTime: 38.221\r\n\r\nOK (4 tests)\r\n\r\n\r\nINSTRUMENTATION_STATUS_CODE: -1\r\n'),
(90, '2013-06-05 22:36:03', 130, 'PASSED', 4, 0, 0, 'INSTRUMENTATION_STATUS: current=1\r\nINSTRUMENTATION_STATUS: id=UiAutomatorTestRunner\r\nINSTRUMENTATION_STATUS: class=com.test.TestButton1\r\nINSTRUMENTATION_STATUS: stream=\r\ncom.test.TestButton1:\r\nINSTRUMENTATION_STATUS: numtests=4\r\nINSTRUMENTATION_STATUS: test=test1\r\nINSTRUMENTATION_STATUS_CODE: 1\r\nINSTRUMENTATION_STATUS: current=1\r\nINSTRUMENTATION_STATUS: id=UiAutomatorTestRunner\r\nINSTRUMENTATION_STATUS: class=com.test.TestButton1\r\nINSTRUMENTATION_STATUS: stream=.\r\nINSTRUMENTATION_STATUS: numtests=4\r\nINSTRUMENTATION_STATUS: test=test1\r\nINSTRUMENTATION_STATUS_CODE: 0\r\nINSTRUMENTATION_STATUS: current=2\r\nINSTRUMENTATION_STATUS: id=UiAutomatorTestRunner\r\nINSTRUMENTATION_STATUS: class=com.test.TestButton2\r\nINSTRUMENTATION_STATUS: stream=\r\ncom.test.TestButton2:\r\nINSTRUMENTATION_STATUS: numtests=4\r\nINSTRUMENTATION_STATUS: test=test1\r\nINSTRUMENTATION_STATUS_CODE: 1\r\nINSTRUMENTATION_STATUS: current=2\r\nINSTRUMENTATION_STATUS: id=UiAutomatorTestRunner\r\nINSTRUMENTATION_STATUS: class=com.test.TestButton2\r\nINSTRUMENTATION_STATUS: stream=.\r\nINSTRUMENTATION_STATUS: numtests=4\r\nINSTRUMENTATION_STATUS: test=test1\r\nINSTRUMENTATION_STATUS_CODE: 0\r\nINSTRUMENTATION_STATUS: current=3\r\nINSTRUMENTATION_STATUS: id=UiAutomatorTestRunner\r\nINSTRUMENTATION_STATUS: class=com.test.TestButton3\r\nINSTRUMENTATION_STATUS: stream=\r\ncom.test.TestButton3:\r\nINSTRUMENTATION_STATUS: numtests=4\r\nINSTRUMENTATION_STATUS: test=test1\r\nINSTRUMENTATION_STATUS_CODE: 1\r\nINSTRUMENTATION_STATUS: current=3\r\nINSTRUMENTATION_STATUS: id=UiAutomatorTestRunner\r\nINSTRUMENTATION_STATUS: class=com.test.TestButton3\r\nINSTRUMENTATION_STATUS: stream=.\r\nINSTRUMENTATION_STATUS: numtests=4\r\nINSTRUMENTATION_STATUS: test=test1\r\nINSTRUMENTATION_STATUS_CODE: 0\r\nINSTRUMENTATION_STATUS: current=4\r\nINSTRUMENTATION_STATUS: id=UiAutomatorTestRunner\r\nINSTRUMENTATION_STATUS: class=com.test.TestButton4\r\nINSTRUMENTATION_STATUS: stream=\r\ncom.test.TestButton4:\r\nINSTRUMENTATION_STATUS: numtests=4\r\nINSTRUMENTATION_STATUS: test=test1\r\nINSTRUMENTATION_STATUS_CODE: 1\r\nINSTRUMENTATION_STATUS: current=4\r\nINSTRUMENTATION_STATUS: id=UiAutomatorTestRunner\r\nINSTRUMENTATION_STATUS: class=com.test.TestButton4\r\nINSTRUMENTATION_STATUS: stream=.\r\nINSTRUMENTATION_STATUS: numtests=4\r\nINSTRUMENTATION_STATUS: test=test1\r\nINSTRUMENTATION_STATUS_CODE: 0\r\nINSTRUMENTATION_STATUS: stream=\r\nTest results for UiAutomatorTestRunner=....\r\nTime: 26.397\r\n\r\nOK (4 tests)\r\n\r\n\r\nINSTRUMENTATION_STATUS_CODE: -1\r\n'),
(91, '2013-06-05 22:41:44', 131, 'PASSED', 4, 0, 0, 'INSTRUMENTATION_STATUS: current=1\r\nINSTRUMENTATION_STATUS: id=UiAutomatorTestRunner\r\nINSTRUMENTATION_STATUS: class=com.test.TestButton1\r\nINSTRUMENTATION_STATUS: stream=\r\ncom.test.TestButton1:\r\nINSTRUMENTATION_STATUS: numtests=4\r\nINSTRUMENTATION_STATUS: test=test1\r\nINSTRUMENTATION_STATUS_CODE: 1\r\nINSTRUMENTATION_STATUS: current=1\r\nINSTRUMENTATION_STATUS: id=UiAutomatorTestRunner\r\nINSTRUMENTATION_STATUS: class=com.test.TestButton1\r\nINSTRUMENTATION_STATUS: stream=.\r\nINSTRUMENTATION_STATUS: numtests=4\r\nINSTRUMENTATION_STATUS: test=test1\r\nINSTRUMENTATION_STATUS_CODE: 0\r\nINSTRUMENTATION_STATUS: current=2\r\nINSTRUMENTATION_STATUS: id=UiAutomatorTestRunner\r\nINSTRUMENTATION_STATUS: class=com.test.TestButton2\r\nINSTRUMENTATION_STATUS: stream=\r\ncom.test.TestButton2:\r\nINSTRUMENTATION_STATUS: numtests=4\r\nINSTRUMENTATION_STATUS: test=test1\r\nINSTRUMENTATION_STATUS_CODE: 1\r\nINSTRUMENTATION_STATUS: current=2\r\nINSTRUMENTATION_STATUS: id=UiAutomatorTestRunner\r\nINSTRUMENTATION_STATUS: class=com.test.TestButton2\r\nINSTRUMENTATION_STATUS: stream=.\r\nINSTRUMENTATION_STATUS: numtests=4\r\nINSTRUMENTATION_STATUS: test=test1\r\nINSTRUMENTATION_STATUS_CODE: 0\r\nINSTRUMENTATION_STATUS: current=3\r\nINSTRUMENTATION_STATUS: id=UiAutomatorTestRunner\r\nINSTRUMENTATION_STATUS: class=com.test.TestButton3\r\nINSTRUMENTATION_STATUS: stream=\r\ncom.test.TestButton3:\r\nINSTRUMENTATION_STATUS: numtests=4\r\nINSTRUMENTATION_STATUS: test=test1\r\nINSTRUMENTATION_STATUS_CODE: 1\r\nINSTRUMENTATION_STATUS: current=3\r\nINSTRUMENTATION_STATUS: id=UiAutomatorTestRunner\r\nINSTRUMENTATION_STATUS: class=com.test.TestButton3\r\nINSTRUMENTATION_STATUS: stream=.\r\nINSTRUMENTATION_STATUS: numtests=4\r\nINSTRUMENTATION_STATUS: test=test1\r\nINSTRUMENTATION_STATUS_CODE: 0\r\nINSTRUMENTATION_STATUS: current=4\r\nINSTRUMENTATION_STATUS: id=UiAutomatorTestRunner\r\nINSTRUMENTATION_STATUS: class=com.test.TestButton4\r\nINSTRUMENTATION_STATUS: stream=\r\ncom.test.TestButton4:\r\nINSTRUMENTATION_STATUS: numtests=4\r\nINSTRUMENTATION_STATUS: test=test1\r\nINSTRUMENTATION_STATUS_CODE: 1\r\nINSTRUMENTATION_STATUS: current=4\r\nINSTRUMENTATION_STATUS: id=UiAutomatorTestRunner\r\nINSTRUMENTATION_STATUS: class=com.test.TestButton4\r\nINSTRUMENTATION_STATUS: stream=.\r\nINSTRUMENTATION_STATUS: numtests=4\r\nINSTRUMENTATION_STATUS: test=test1\r\nINSTRUMENTATION_STATUS_CODE: 0\r\nINSTRUMENTATION_STATUS: stream=\r\nTest results for UiAutomatorTestRunner=....\r\nTime: 26.213\r\n\r\nOK (4 tests)\r\n\r\n\r\nINSTRUMENTATION_STATUS_CODE: -1\r\n'),
(92, '2013-06-05 22:55:24', 132, 'PASSED', 4, 0, 0, 'INSTRUMENTATION_STATUS: current=1\r\nINSTRUMENTATION_STATUS: id=UiAutomatorTestRunner\r\nINSTRUMENTATION_STATUS: class=com.test.TestButton1\r\nINSTRUMENTATION_STATUS: stream=\r\ncom.test.TestButton1:\r\nINSTRUMENTATION_STATUS: numtests=4\r\nINSTRUMENTATION_STATUS: test=test1\r\nINSTRUMENTATION_STATUS_CODE: 1\r\nINSTRUMENTATION_STATUS: current=1\r\nINSTRUMENTATION_STATUS: id=UiAutomatorTestRunner\r\nINSTRUMENTATION_STATUS: class=com.test.TestButton1\r\nINSTRUMENTATION_STATUS: stream=.\r\nINSTRUMENTATION_STATUS: numtests=4\r\nINSTRUMENTATION_STATUS: test=test1\r\nINSTRUMENTATION_STATUS_CODE: 0\r\nINSTRUMENTATION_STATUS: current=2\r\nINSTRUMENTATION_STATUS: id=UiAutomatorTestRunner\r\nINSTRUMENTATION_STATUS: class=com.test.TestButton2\r\nINSTRUMENTATION_STATUS: stream=\r\ncom.test.TestButton2:\r\nINSTRUMENTATION_STATUS: numtests=4\r\nINSTRUMENTATION_STATUS: test=test1\r\nINSTRUMENTATION_STATUS_CODE: 1\r\nINSTRUMENTATION_STATUS: current=2\r\nINSTRUMENTATION_STATUS: id=UiAutomatorTestRunner\r\nINSTRUMENTATION_STATUS: class=com.test.TestButton2\r\nINSTRUMENTATION_STATUS: stream=.\r\nINSTRUMENTATION_STATUS: numtests=4\r\nINSTRUMENTATION_STATUS: test=test1\r\nINSTRUMENTATION_STATUS_CODE: 0\r\nINSTRUMENTATION_STATUS: current=3\r\nINSTRUMENTATION_STATUS: id=UiAutomatorTestRunner\r\nINSTRUMENTATION_STATUS: class=com.test.TestButton3\r\nINSTRUMENTATION_STATUS: stream=\r\ncom.test.TestButton3:\r\nINSTRUMENTATION_STATUS: numtests=4\r\nINSTRUMENTATION_STATUS: test=test1\r\nINSTRUMENTATION_STATUS_CODE: 1\r\nINSTRUMENTATION_STATUS: current=3\r\nINSTRUMENTATION_STATUS: id=UiAutomatorTestRunner\r\nINSTRUMENTATION_STATUS: class=com.test.TestButton3\r\nINSTRUMENTATION_STATUS: stream=.\r\nINSTRUMENTATION_STATUS: numtests=4\r\nINSTRUMENTATION_STATUS: test=test1\r\nINSTRUMENTATION_STATUS_CODE: 0\r\nINSTRUMENTATION_STATUS: current=4\r\nINSTRUMENTATION_STATUS: id=UiAutomatorTestRunner\r\nINSTRUMENTATION_STATUS: class=com.test.TestButton4\r\nINSTRUMENTATION_STATUS: stream=\r\ncom.test.TestButton4:\r\nINSTRUMENTATION_STATUS: numtests=4\r\nINSTRUMENTATION_STATUS: test=test1\r\nINSTRUMENTATION_STATUS_CODE: 1\r\nINSTRUMENTATION_STATUS: current=4\r\nINSTRUMENTATION_STATUS: id=UiAutomatorTestRunner\r\nINSTRUMENTATION_STATUS: class=com.test.TestButton4\r\nINSTRUMENTATION_STATUS: stream=.\r\nINSTRUMENTATION_STATUS: numtests=4\r\nINSTRUMENTATION_STATUS: test=test1\r\nINSTRUMENTATION_STATUS_CODE: 0\r\nINSTRUMENTATION_STATUS: stream=\r\nTest results for UiAutomatorTestRunner=....\r\nTime: 26.334\r\n\r\nOK (4 tests)\r\n\r\n\r\nINSTRUMENTATION_STATUS_CODE: -1\r\n');
INSERT INTO `device_job_result` (`devicejobresult_id`, `created`, `devicejobid`, `state`, `testsRun`, `testsFailed`, `testsErrors`, `output`) VALUES
(93, '2013-06-05 23:01:34', 133, 'PASSED', 4, 0, 0, 'INSTRUMENTATION_STATUS: current=1\r\nINSTRUMENTATION_STATUS: id=UiAutomatorTestRunner\r\nINSTRUMENTATION_STATUS: class=com.test.TestButton1\r\nINSTRUMENTATION_STATUS: stream=\r\ncom.test.TestButton1:\r\nINSTRUMENTATION_STATUS: numtests=4\r\nINSTRUMENTATION_STATUS: test=test1\r\nINSTRUMENTATION_STATUS_CODE: 1\r\nINSTRUMENTATION_STATUS: current=1\r\nINSTRUMENTATION_STATUS: id=UiAutomatorTestRunner\r\nINSTRUMENTATION_STATUS: class=com.test.TestButton1\r\nINSTRUMENTATION_STATUS: stream=.\r\nINSTRUMENTATION_STATUS: numtests=4\r\nINSTRUMENTATION_STATUS: test=test1\r\nINSTRUMENTATION_STATUS_CODE: 0\r\nINSTRUMENTATION_STATUS: current=2\r\nINSTRUMENTATION_STATUS: id=UiAutomatorTestRunner\r\nINSTRUMENTATION_STATUS: class=com.test.TestButton2\r\nINSTRUMENTATION_STATUS: stream=\r\ncom.test.TestButton2:\r\nINSTRUMENTATION_STATUS: numtests=4\r\nINSTRUMENTATION_STATUS: test=test1\r\nINSTRUMENTATION_STATUS_CODE: 1\r\nINSTRUMENTATION_STATUS: current=2\r\nINSTRUMENTATION_STATUS: id=UiAutomatorTestRunner\r\nINSTRUMENTATION_STATUS: class=com.test.TestButton2\r\nINSTRUMENTATION_STATUS: stream=.\r\nINSTRUMENTATION_STATUS: numtests=4\r\nINSTRUMENTATION_STATUS: test=test1\r\nINSTRUMENTATION_STATUS_CODE: 0\r\nINSTRUMENTATION_STATUS: current=3\r\nINSTRUMENTATION_STATUS: id=UiAutomatorTestRunner\r\nINSTRUMENTATION_STATUS: class=com.test.TestButton3\r\nINSTRUMENTATION_STATUS: stream=\r\ncom.test.TestButton3:\r\nINSTRUMENTATION_STATUS: numtests=4\r\nINSTRUMENTATION_STATUS: test=test1\r\nINSTRUMENTATION_STATUS_CODE: 1\r\nINSTRUMENTATION_STATUS: current=3\r\nINSTRUMENTATION_STATUS: id=UiAutomatorTestRunner\r\nINSTRUMENTATION_STATUS: class=com.test.TestButton3\r\nINSTRUMENTATION_STATUS: stream=.\r\nINSTRUMENTATION_STATUS: numtests=4\r\nINSTRUMENTATION_STATUS: test=test1\r\nINSTRUMENTATION_STATUS_CODE: 0\r\nINSTRUMENTATION_STATUS: current=4\r\nINSTRUMENTATION_STATUS: id=UiAutomatorTestRunner\r\nINSTRUMENTATION_STATUS: class=com.test.TestButton4\r\nINSTRUMENTATION_STATUS: stream=\r\ncom.test.TestButton4:\r\nINSTRUMENTATION_STATUS: numtests=4\r\nINSTRUMENTATION_STATUS: test=test1\r\nINSTRUMENTATION_STATUS_CODE: 1\r\nINSTRUMENTATION_STATUS: current=4\r\nINSTRUMENTATION_STATUS: id=UiAutomatorTestRunner\r\nINSTRUMENTATION_STATUS: class=com.test.TestButton4\r\nINSTRUMENTATION_STATUS: stream=.\r\nINSTRUMENTATION_STATUS: numtests=4\r\nINSTRUMENTATION_STATUS: test=test1\r\nINSTRUMENTATION_STATUS_CODE: 0\r\nINSTRUMENTATION_STATUS: stream=\r\nTest results for UiAutomatorTestRunner=....\r\nTime: 26.486\r\n\r\nOK (4 tests)\r\n\r\n\r\nINSTRUMENTATION_STATUS_CODE: -1\r\n'),
(94, '2013-06-05 23:02:09', 134, 'PASSED', 4, 0, 0, 'INSTRUMENTATION_STATUS: current=1\r\nINSTRUMENTATION_STATUS: id=UiAutomatorTestRunner\r\nINSTRUMENTATION_STATUS: class=com.test.TestButton1\r\nINSTRUMENTATION_STATUS: stream=\r\ncom.test.TestButton1:\r\nINSTRUMENTATION_STATUS: numtests=4\r\nINSTRUMENTATION_STATUS: test=test1\r\nINSTRUMENTATION_STATUS_CODE: 1\r\nINSTRUMENTATION_STATUS: current=1\r\nINSTRUMENTATION_STATUS: id=UiAutomatorTestRunner\r\nINSTRUMENTATION_STATUS: class=com.test.TestButton1\r\nINSTRUMENTATION_STATUS: stream=.\r\nINSTRUMENTATION_STATUS: numtests=4\r\nINSTRUMENTATION_STATUS: test=test1\r\nINSTRUMENTATION_STATUS_CODE: 0\r\nINSTRUMENTATION_STATUS: current=2\r\nINSTRUMENTATION_STATUS: id=UiAutomatorTestRunner\r\nINSTRUMENTATION_STATUS: class=com.test.TestButton2\r\nINSTRUMENTATION_STATUS: stream=\r\ncom.test.TestButton2:\r\nINSTRUMENTATION_STATUS: numtests=4\r\nINSTRUMENTATION_STATUS: test=test1\r\nINSTRUMENTATION_STATUS_CODE: 1\r\nINSTRUMENTATION_STATUS: current=2\r\nINSTRUMENTATION_STATUS: id=UiAutomatorTestRunner\r\nINSTRUMENTATION_STATUS: class=com.test.TestButton2\r\nINSTRUMENTATION_STATUS: stream=.\r\nINSTRUMENTATION_STATUS: numtests=4\r\nINSTRUMENTATION_STATUS: test=test1\r\nINSTRUMENTATION_STATUS_CODE: 0\r\nINSTRUMENTATION_STATUS: current=3\r\nINSTRUMENTATION_STATUS: id=UiAutomatorTestRunner\r\nINSTRUMENTATION_STATUS: class=com.test.TestButton3\r\nINSTRUMENTATION_STATUS: stream=\r\ncom.test.TestButton3:\r\nINSTRUMENTATION_STATUS: numtests=4\r\nINSTRUMENTATION_STATUS: test=test1\r\nINSTRUMENTATION_STATUS_CODE: 1\r\nINSTRUMENTATION_STATUS: current=3\r\nINSTRUMENTATION_STATUS: id=UiAutomatorTestRunner\r\nINSTRUMENTATION_STATUS: class=com.test.TestButton3\r\nINSTRUMENTATION_STATUS: stream=.\r\nINSTRUMENTATION_STATUS: numtests=4\r\nINSTRUMENTATION_STATUS: test=test1\r\nINSTRUMENTATION_STATUS_CODE: 0\r\nINSTRUMENTATION_STATUS: current=4\r\nINSTRUMENTATION_STATUS: id=UiAutomatorTestRunner\r\nINSTRUMENTATION_STATUS: class=com.test.TestButton4\r\nINSTRUMENTATION_STATUS: stream=\r\ncom.test.TestButton4:\r\nINSTRUMENTATION_STATUS: numtests=4\r\nINSTRUMENTATION_STATUS: test=test1\r\nINSTRUMENTATION_STATUS_CODE: 1\r\nINSTRUMENTATION_STATUS: current=4\r\nINSTRUMENTATION_STATUS: id=UiAutomatorTestRunner\r\nINSTRUMENTATION_STATUS: class=com.test.TestButton4\r\nINSTRUMENTATION_STATUS: stream=.\r\nINSTRUMENTATION_STATUS: numtests=4\r\nINSTRUMENTATION_STATUS: test=test1\r\nINSTRUMENTATION_STATUS_CODE: 0\r\nINSTRUMENTATION_STATUS: stream=\r\nTest results for UiAutomatorTestRunner=....\r\nTime: 26.821\r\n\r\nOK (4 tests)\r\n\r\n\r\nINSTRUMENTATION_STATUS_CODE: -1\r\n'),
(95, '2013-06-05 23:03:18', 135, 'PASSED', 4, 0, 0, 'INSTRUMENTATION_STATUS: current=1\r\nINSTRUMENTATION_STATUS: id=UiAutomatorTestRunner\r\nINSTRUMENTATION_STATUS: class=com.test.TestButton1\r\nINSTRUMENTATION_STATUS: stream=\r\ncom.test.TestButton1:\r\nINSTRUMENTATION_STATUS: numtests=4\r\nINSTRUMENTATION_STATUS: test=test1\r\nINSTRUMENTATION_STATUS_CODE: 1\r\nINSTRUMENTATION_STATUS: current=1\r\nINSTRUMENTATION_STATUS: id=UiAutomatorTestRunner\r\nINSTRUMENTATION_STATUS: class=com.test.TestButton1\r\nINSTRUMENTATION_STATUS: stream=.\r\nINSTRUMENTATION_STATUS: numtests=4\r\nINSTRUMENTATION_STATUS: test=test1\r\nINSTRUMENTATION_STATUS_CODE: 0\r\nINSTRUMENTATION_STATUS: current=2\r\nINSTRUMENTATION_STATUS: id=UiAutomatorTestRunner\r\nINSTRUMENTATION_STATUS: class=com.test.TestButton2\r\nINSTRUMENTATION_STATUS: stream=\r\ncom.test.TestButton2:\r\nINSTRUMENTATION_STATUS: numtests=4\r\nINSTRUMENTATION_STATUS: test=test1\r\nINSTRUMENTATION_STATUS_CODE: 1\r\nINSTRUMENTATION_STATUS: current=2\r\nINSTRUMENTATION_STATUS: id=UiAutomatorTestRunner\r\nINSTRUMENTATION_STATUS: class=com.test.TestButton2\r\nINSTRUMENTATION_STATUS: stream=.\r\nINSTRUMENTATION_STATUS: numtests=4\r\nINSTRUMENTATION_STATUS: test=test1\r\nINSTRUMENTATION_STATUS_CODE: 0\r\nINSTRUMENTATION_STATUS: current=3\r\nINSTRUMENTATION_STATUS: id=UiAutomatorTestRunner\r\nINSTRUMENTATION_STATUS: class=com.test.TestButton3\r\nINSTRUMENTATION_STATUS: stream=\r\ncom.test.TestButton3:\r\nINSTRUMENTATION_STATUS: numtests=4\r\nINSTRUMENTATION_STATUS: test=test1\r\nINSTRUMENTATION_STATUS_CODE: 1\r\nINSTRUMENTATION_STATUS: current=3\r\nINSTRUMENTATION_STATUS: id=UiAutomatorTestRunner\r\nINSTRUMENTATION_STATUS: class=com.test.TestButton3\r\nINSTRUMENTATION_STATUS: stream=.\r\nINSTRUMENTATION_STATUS: numtests=4\r\nINSTRUMENTATION_STATUS: test=test1\r\nINSTRUMENTATION_STATUS_CODE: 0\r\nINSTRUMENTATION_STATUS: current=4\r\nINSTRUMENTATION_STATUS: id=UiAutomatorTestRunner\r\nINSTRUMENTATION_STATUS: class=com.test.TestButton4\r\nINSTRUMENTATION_STATUS: stream=\r\ncom.test.TestButton4:\r\nINSTRUMENTATION_STATUS: numtests=4\r\nINSTRUMENTATION_STATUS: test=test1\r\nINSTRUMENTATION_STATUS_CODE: 1\r\nINSTRUMENTATION_STATUS: current=4\r\nINSTRUMENTATION_STATUS: id=UiAutomatorTestRunner\r\nINSTRUMENTATION_STATUS: class=com.test.TestButton4\r\nINSTRUMENTATION_STATUS: stream=.\r\nINSTRUMENTATION_STATUS: numtests=4\r\nINSTRUMENTATION_STATUS: test=test1\r\nINSTRUMENTATION_STATUS_CODE: 0\r\nINSTRUMENTATION_STATUS: stream=\r\nTest results for UiAutomatorTestRunner=....\r\nTime: 26.237\r\n\r\nOK (4 tests)\r\n\r\n\r\nINSTRUMENTATION_STATUS_CODE: -1\r\n'),
(96, '2013-06-05 23:03:56', 136, 'PASSED', 2, 0, 0, 'INSTRUMENTATION_STATUS: current=1\r\nINSTRUMENTATION_STATUS: id=UiAutomatorTestRunner\r\nINSTRUMENTATION_STATUS: class=com.test.TestButton1\r\nINSTRUMENTATION_STATUS: stream=\r\ncom.test.TestButton1:\r\nINSTRUMENTATION_STATUS: numtests=2\r\nINSTRUMENTATION_STATUS: test=test1\r\nINSTRUMENTATION_STATUS_CODE: 1\r\nINSTRUMENTATION_STATUS: current=1\r\nINSTRUMENTATION_STATUS: id=UiAutomatorTestRunner\r\nINSTRUMENTATION_STATUS: class=com.test.TestButton1\r\nINSTRUMENTATION_STATUS: stream=.\r\nINSTRUMENTATION_STATUS: numtests=2\r\nINSTRUMENTATION_STATUS: test=test1\r\nINSTRUMENTATION_STATUS_CODE: 0\r\nINSTRUMENTATION_STATUS: current=2\r\nINSTRUMENTATION_STATUS: id=UiAutomatorTestRunner\r\nINSTRUMENTATION_STATUS: class=com.test.TestButton2\r\nINSTRUMENTATION_STATUS: stream=\r\ncom.test.TestButton2:\r\nINSTRUMENTATION_STATUS: numtests=2\r\nINSTRUMENTATION_STATUS: test=test1\r\nINSTRUMENTATION_STATUS_CODE: 1\r\nINSTRUMENTATION_STATUS: current=2\r\nINSTRUMENTATION_STATUS: id=UiAutomatorTestRunner\r\nINSTRUMENTATION_STATUS: class=com.test.TestButton2\r\nINSTRUMENTATION_STATUS: stream=.\r\nINSTRUMENTATION_STATUS: numtests=2\r\nINSTRUMENTATION_STATUS: test=test1\r\nINSTRUMENTATION_STATUS_CODE: 0\r\nINSTRUMENTATION_STATUS: stream=\r\nTest results for UiAutomatorTestRunner=..\r\nTime: 13.538\r\n\r\nOK (2 tests)\r\n\r\n\r\nINSTRUMENTATION_STATUS_CODE: -1\r\n'),
(97, '2013-06-05 23:03:56', 137, 'PASSED', 2, 0, 0, 'INSTRUMENTATION_STATUS: current=1\r\nINSTRUMENTATION_STATUS: id=UiAutomatorTestRunner\r\nINSTRUMENTATION_STATUS: class=com.test.TestButton3\r\nINSTRUMENTATION_STATUS: stream=\r\ncom.test.TestButton3:\r\nINSTRUMENTATION_STATUS: numtests=2\r\nINSTRUMENTATION_STATUS: test=test1\r\nINSTRUMENTATION_STATUS_CODE: 1\r\nINSTRUMENTATION_STATUS: current=1\r\nINSTRUMENTATION_STATUS: id=UiAutomatorTestRunner\r\nINSTRUMENTATION_STATUS: class=com.test.TestButton3\r\nINSTRUMENTATION_STATUS: stream=.\r\nINSTRUMENTATION_STATUS: numtests=2\r\nINSTRUMENTATION_STATUS: test=test1\r\nINSTRUMENTATION_STATUS_CODE: 0\r\nINSTRUMENTATION_STATUS: current=2\r\nINSTRUMENTATION_STATUS: id=UiAutomatorTestRunner\r\nINSTRUMENTATION_STATUS: class=com.test.TestButton4\r\nINSTRUMENTATION_STATUS: stream=\r\ncom.test.TestButton4:\r\nINSTRUMENTATION_STATUS: numtests=2\r\nINSTRUMENTATION_STATUS: test=test1\r\nINSTRUMENTATION_STATUS_CODE: 1\r\nINSTRUMENTATION_STATUS: current=2\r\nINSTRUMENTATION_STATUS: id=UiAutomatorTestRunner\r\nINSTRUMENTATION_STATUS: class=com.test.TestButton4\r\nINSTRUMENTATION_STATUS: stream=.\r\nINSTRUMENTATION_STATUS: numtests=2\r\nINSTRUMENTATION_STATUS: test=test1\r\nINSTRUMENTATION_STATUS_CODE: 0\r\nINSTRUMENTATION_STATUS: stream=\r\nTest results for UiAutomatorTestRunner=..\r\nTime: 14.479\r\n\r\nOK (2 tests)\r\n\r\n\r\nINSTRUMENTATION_STATUS_CODE: -1\r\n'),
(98, '2013-06-05 23:04:25', 139, 'PASSED', 2, 0, 0, 'INSTRUMENTATION_STATUS: current=1\r\nINSTRUMENTATION_STATUS: id=UiAutomatorTestRunner\r\nINSTRUMENTATION_STATUS: class=com.test.TestButton3\r\nINSTRUMENTATION_STATUS: stream=\r\ncom.test.TestButton3:\r\nINSTRUMENTATION_STATUS: numtests=2\r\nINSTRUMENTATION_STATUS: test=test1\r\nINSTRUMENTATION_STATUS_CODE: 1\r\nINSTRUMENTATION_STATUS: current=1\r\nINSTRUMENTATION_STATUS: id=UiAutomatorTestRunner\r\nINSTRUMENTATION_STATUS: class=com.test.TestButton3\r\nINSTRUMENTATION_STATUS: stream=.\r\nINSTRUMENTATION_STATUS: numtests=2\r\nINSTRUMENTATION_STATUS: test=test1\r\nINSTRUMENTATION_STATUS_CODE: 0\r\nINSTRUMENTATION_STATUS: current=2\r\nINSTRUMENTATION_STATUS: id=UiAutomatorTestRunner\r\nINSTRUMENTATION_STATUS: class=com.test.TestButton4\r\nINSTRUMENTATION_STATUS: stream=\r\ncom.test.TestButton4:\r\nINSTRUMENTATION_STATUS: numtests=2\r\nINSTRUMENTATION_STATUS: test=test1\r\nINSTRUMENTATION_STATUS_CODE: 1\r\nINSTRUMENTATION_STATUS: current=2\r\nINSTRUMENTATION_STATUS: id=UiAutomatorTestRunner\r\nINSTRUMENTATION_STATUS: class=com.test.TestButton4\r\nINSTRUMENTATION_STATUS: stream=.\r\nINSTRUMENTATION_STATUS: numtests=2\r\nINSTRUMENTATION_STATUS: test=test1\r\nINSTRUMENTATION_STATUS_CODE: 0\r\nINSTRUMENTATION_STATUS: stream=\r\nTest results for UiAutomatorTestRunner=..\r\nTime: 13.595\r\n\r\nOK (2 tests)\r\n\r\n\r\nINSTRUMENTATION_STATUS_CODE: -1\r\n'),
(99, '2013-06-05 23:04:25', 138, 'PASSED', 2, 0, 0, 'INSTRUMENTATION_STATUS: current=1\r\nINSTRUMENTATION_STATUS: id=UiAutomatorTestRunner\r\nINSTRUMENTATION_STATUS: class=com.test.TestButton1\r\nINSTRUMENTATION_STATUS: stream=\r\ncom.test.TestButton1:\r\nINSTRUMENTATION_STATUS: numtests=2\r\nINSTRUMENTATION_STATUS: test=test1\r\nINSTRUMENTATION_STATUS_CODE: 1\r\nINSTRUMENTATION_STATUS: current=1\r\nINSTRUMENTATION_STATUS: id=UiAutomatorTestRunner\r\nINSTRUMENTATION_STATUS: class=com.test.TestButton1\r\nINSTRUMENTATION_STATUS: stream=.\r\nINSTRUMENTATION_STATUS: numtests=2\r\nINSTRUMENTATION_STATUS: test=test1\r\nINSTRUMENTATION_STATUS_CODE: 0\r\nINSTRUMENTATION_STATUS: current=2\r\nINSTRUMENTATION_STATUS: id=UiAutomatorTestRunner\r\nINSTRUMENTATION_STATUS: class=com.test.TestButton2\r\nINSTRUMENTATION_STATUS: stream=\r\ncom.test.TestButton2:\r\nINSTRUMENTATION_STATUS: numtests=2\r\nINSTRUMENTATION_STATUS: test=test1\r\nINSTRUMENTATION_STATUS_CODE: 1\r\nINSTRUMENTATION_STATUS: current=2\r\nINSTRUMENTATION_STATUS: id=UiAutomatorTestRunner\r\nINSTRUMENTATION_STATUS: class=com.test.TestButton2\r\nINSTRUMENTATION_STATUS: stream=.\r\nINSTRUMENTATION_STATUS: numtests=2\r\nINSTRUMENTATION_STATUS: test=test1\r\nINSTRUMENTATION_STATUS_CODE: 0\r\nINSTRUMENTATION_STATUS: stream=\r\nTest results for UiAutomatorTestRunner=..\r\nTime: 13.317\r\n\r\nOK (2 tests)\r\n\r\n\r\nINSTRUMENTATION_STATUS_CODE: -1\r\n'),
(100, '2013-06-05 23:04:40', 140, 'PASSED', 2, 0, 0, 'INSTRUMENTATION_STATUS: current=1\r\nINSTRUMENTATION_STATUS: id=UiAutomatorTestRunner\r\nINSTRUMENTATION_STATUS: class=com.test.TestButton1\r\nINSTRUMENTATION_STATUS: stream=\r\ncom.test.TestButton1:\r\nINSTRUMENTATION_STATUS: numtests=2\r\nINSTRUMENTATION_STATUS: test=test1\r\nINSTRUMENTATION_STATUS_CODE: 1\r\nINSTRUMENTATION_STATUS: current=1\r\nINSTRUMENTATION_STATUS: id=UiAutomatorTestRunner\r\nINSTRUMENTATION_STATUS: class=com.test.TestButton1\r\nINSTRUMENTATION_STATUS: stream=.\r\nINSTRUMENTATION_STATUS: numtests=2\r\nINSTRUMENTATION_STATUS: test=test1\r\nINSTRUMENTATION_STATUS_CODE: 0\r\nINSTRUMENTATION_STATUS: current=2\r\nINSTRUMENTATION_STATUS: id=UiAutomatorTestRunner\r\nINSTRUMENTATION_STATUS: class=com.test.TestButton2\r\nINSTRUMENTATION_STATUS: stream=\r\ncom.test.TestButton2:\r\nINSTRUMENTATION_STATUS: numtests=2\r\nINSTRUMENTATION_STATUS: test=test1\r\nINSTRUMENTATION_STATUS_CODE: 1\r\nINSTRUMENTATION_STATUS: current=2\r\nINSTRUMENTATION_STATUS: id=UiAutomatorTestRunner\r\nINSTRUMENTATION_STATUS: class=com.test.TestButton2\r\nINSTRUMENTATION_STATUS: stream=.\r\nINSTRUMENTATION_STATUS: numtests=2\r\nINSTRUMENTATION_STATUS: test=test1\r\nINSTRUMENTATION_STATUS_CODE: 0\r\nINSTRUMENTATION_STATUS: stream=\r\nTest results for UiAutomatorTestRunner=..\r\nTime: 13.191\r\n\r\nOK (2 tests)\r\n\r\n\r\nINSTRUMENTATION_STATUS_CODE: -1\r\n'),
(101, '2013-06-05 23:04:40', 141, 'PASSED', 2, 0, 0, 'INSTRUMENTATION_STATUS: current=1\r\nINSTRUMENTATION_STATUS: id=UiAutomatorTestRunner\r\nINSTRUMENTATION_STATUS: class=com.test.TestButton3\r\nINSTRUMENTATION_STATUS: stream=\r\ncom.test.TestButton3:\r\nINSTRUMENTATION_STATUS: numtests=2\r\nINSTRUMENTATION_STATUS: test=test1\r\nINSTRUMENTATION_STATUS_CODE: 1\r\nINSTRUMENTATION_STATUS: current=1\r\nINSTRUMENTATION_STATUS: id=UiAutomatorTestRunner\r\nINSTRUMENTATION_STATUS: class=com.test.TestButton3\r\nINSTRUMENTATION_STATUS: stream=.\r\nINSTRUMENTATION_STATUS: numtests=2\r\nINSTRUMENTATION_STATUS: test=test1\r\nINSTRUMENTATION_STATUS_CODE: 0\r\nINSTRUMENTATION_STATUS: current=2\r\nINSTRUMENTATION_STATUS: id=UiAutomatorTestRunner\r\nINSTRUMENTATION_STATUS: class=com.test.TestButton4\r\nINSTRUMENTATION_STATUS: stream=\r\ncom.test.TestButton4:\r\nINSTRUMENTATION_STATUS: numtests=2\r\nINSTRUMENTATION_STATUS: test=test1\r\nINSTRUMENTATION_STATUS_CODE: 1\r\nINSTRUMENTATION_STATUS: current=2\r\nINSTRUMENTATION_STATUS: id=UiAutomatorTestRunner\r\nINSTRUMENTATION_STATUS: class=com.test.TestButton4\r\nINSTRUMENTATION_STATUS: stream=.\r\nINSTRUMENTATION_STATUS: numtests=2\r\nINSTRUMENTATION_STATUS: test=test1\r\nINSTRUMENTATION_STATUS_CODE: 0\r\nINSTRUMENTATION_STATUS: stream=\r\nTest results for UiAutomatorTestRunner=..\r\nTime: 13.276\r\n\r\nOK (2 tests)\r\n\r\n\r\nINSTRUMENTATION_STATUS_CODE: -1\r\n'),
(102, '2013-06-05 23:06:54', 142, 'PASSED', 1, 0, 0, 'INSTRUMENTATION_STATUS: current=1\r\nINSTRUMENTATION_STATUS: id=UiAutomatorTestRunner\r\nINSTRUMENTATION_STATUS: class=com.test.TestButton1\r\nINSTRUMENTATION_STATUS: stream=\r\ncom.test.TestButton1:\r\nINSTRUMENTATION_STATUS: numtests=1\r\nINSTRUMENTATION_STATUS: test=test1\r\nINSTRUMENTATION_STATUS_CODE: 1\r\nINSTRUMENTATION_STATUS: current=1\r\nINSTRUMENTATION_STATUS: id=UiAutomatorTestRunner\r\nINSTRUMENTATION_STATUS: class=com.test.TestButton1\r\nINSTRUMENTATION_STATUS: stream=.\r\nINSTRUMENTATION_STATUS: numtests=1\r\nINSTRUMENTATION_STATUS: test=test1\r\nINSTRUMENTATION_STATUS_CODE: 0\r\nINSTRUMENTATION_STATUS: stream=\r\nTest results for UiAutomatorTestRunner=.\r\nTime: 6.398\r\n\r\nOK (1 test)\r\n\r\n\r\nINSTRUMENTATION_STATUS_CODE: -1\r\n'),
(103, '2013-06-05 23:06:54', 143, 'PASSED', 1, 0, 0, 'INSTRUMENTATION_STATUS: current=1\r\nINSTRUMENTATION_STATUS: id=UiAutomatorTestRunner\r\nINSTRUMENTATION_STATUS: class=com.test.TestButton2\r\nINSTRUMENTATION_STATUS: stream=\r\ncom.test.TestButton2:\r\nINSTRUMENTATION_STATUS: numtests=1\r\nINSTRUMENTATION_STATUS: test=test1\r\nINSTRUMENTATION_STATUS_CODE: 1\r\nINSTRUMENTATION_STATUS: current=1\r\nINSTRUMENTATION_STATUS: id=UiAutomatorTestRunner\r\nINSTRUMENTATION_STATUS: class=com.test.TestButton2\r\nINSTRUMENTATION_STATUS: stream=.\r\nINSTRUMENTATION_STATUS: numtests=1\r\nINSTRUMENTATION_STATUS: test=test1\r\nINSTRUMENTATION_STATUS_CODE: 0\r\nINSTRUMENTATION_STATUS: stream=\r\nTest results for UiAutomatorTestRunner=.\r\nTime: 7.084\r\n\r\nOK (1 test)\r\n\r\n\r\nINSTRUMENTATION_STATUS_CODE: -1\r\n'),
(104, '2013-06-05 23:06:55', 144, 'PASSED', 1, 0, 0, 'INSTRUMENTATION_STATUS: current=1\r\nINSTRUMENTATION_STATUS: id=UiAutomatorTestRunner\r\nINSTRUMENTATION_STATUS: class=com.test.TestButton3\r\nINSTRUMENTATION_STATUS: stream=\r\ncom.test.TestButton3:\r\nINSTRUMENTATION_STATUS: numtests=1\r\nINSTRUMENTATION_STATUS: test=test1\r\nINSTRUMENTATION_STATUS_CODE: 1\r\nINSTRUMENTATION_STATUS: current=1\r\nINSTRUMENTATION_STATUS: id=UiAutomatorTestRunner\r\nINSTRUMENTATION_STATUS: class=com.test.TestButton3\r\nINSTRUMENTATION_STATUS: stream=.\r\nINSTRUMENTATION_STATUS: numtests=1\r\nINSTRUMENTATION_STATUS: test=test1\r\nINSTRUMENTATION_STATUS_CODE: 0\r\nINSTRUMENTATION_STATUS: stream=\r\nTest results for UiAutomatorTestRunner=.\r\nTime: 8.175\r\n\r\nOK (1 test)\r\n\r\n\r\nINSTRUMENTATION_STATUS_CODE: -1\r\n'),
(105, '2013-06-05 23:06:55', 145, 'PASSED', 1, 0, 0, 'INSTRUMENTATION_STATUS: current=1\r\nINSTRUMENTATION_STATUS: id=UiAutomatorTestRunner\r\nINSTRUMENTATION_STATUS: class=com.test.TestButton4\r\nINSTRUMENTATION_STATUS: stream=\r\ncom.test.TestButton4:\r\nINSTRUMENTATION_STATUS: numtests=1\r\nINSTRUMENTATION_STATUS: test=test1\r\nINSTRUMENTATION_STATUS_CODE: 1\r\nINSTRUMENTATION_STATUS: current=1\r\nINSTRUMENTATION_STATUS: id=UiAutomatorTestRunner\r\nINSTRUMENTATION_STATUS: class=com.test.TestButton4\r\nINSTRUMENTATION_STATUS: stream=.\r\nINSTRUMENTATION_STATUS: numtests=1\r\nINSTRUMENTATION_STATUS: test=test1\r\nINSTRUMENTATION_STATUS_CODE: 0\r\nINSTRUMENTATION_STATUS: stream=\r\nTest results for UiAutomatorTestRunner=.\r\nTime: 8.215\r\n\r\nOK (1 test)\r\n\r\n\r\nINSTRUMENTATION_STATUS_CODE: -1\r\n'),
(106, '2013-06-05 23:07:19', 146, 'PASSED', 1, 0, 0, 'INSTRUMENTATION_STATUS: current=1\r\nINSTRUMENTATION_STATUS: id=UiAutomatorTestRunner\r\nINSTRUMENTATION_STATUS: class=com.test.TestButton1\r\nINSTRUMENTATION_STATUS: stream=\r\ncom.test.TestButton1:\r\nINSTRUMENTATION_STATUS: numtests=1\r\nINSTRUMENTATION_STATUS: test=test1\r\nINSTRUMENTATION_STATUS_CODE: 1\r\nINSTRUMENTATION_STATUS: current=1\r\nINSTRUMENTATION_STATUS: id=UiAutomatorTestRunner\r\nINSTRUMENTATION_STATUS: class=com.test.TestButton1\r\nINSTRUMENTATION_STATUS: stream=.\r\nINSTRUMENTATION_STATUS: numtests=1\r\nINSTRUMENTATION_STATUS: test=test1\r\nINSTRUMENTATION_STATUS_CODE: 0\r\nINSTRUMENTATION_STATUS: stream=\r\nTest results for UiAutomatorTestRunner=.\r\nTime: 6.465\r\n\r\nOK (1 test)\r\n\r\n\r\nINSTRUMENTATION_STATUS_CODE: -1\r\n'),
(107, '2013-06-05 23:07:19', 149, 'PASSED', 1, 0, 0, 'INSTRUMENTATION_STATUS: current=1\r\nINSTRUMENTATION_STATUS: id=UiAutomatorTestRunner\r\nINSTRUMENTATION_STATUS: class=com.test.TestButton4\r\nINSTRUMENTATION_STATUS: stream=\r\ncom.test.TestButton4:\r\nINSTRUMENTATION_STATUS: numtests=1\r\nINSTRUMENTATION_STATUS: test=test1\r\nINSTRUMENTATION_STATUS_CODE: 1\r\nINSTRUMENTATION_STATUS: current=1\r\nINSTRUMENTATION_STATUS: id=UiAutomatorTestRunner\r\nINSTRUMENTATION_STATUS: class=com.test.TestButton4\r\nINSTRUMENTATION_STATUS: stream=.\r\nINSTRUMENTATION_STATUS: numtests=1\r\nINSTRUMENTATION_STATUS: test=test1\r\nINSTRUMENTATION_STATUS_CODE: 0\r\nINSTRUMENTATION_STATUS: stream=\r\nTest results for UiAutomatorTestRunner=.\r\nTime: 7.19\r\n\r\nOK (1 test)\r\n\r\n\r\nINSTRUMENTATION_STATUS_CODE: -1\r\n'),
(108, '2013-06-05 23:07:19', 148, 'PASSED', 1, 0, 0, 'INSTRUMENTATION_STATUS: current=1\r\nINSTRUMENTATION_STATUS: id=UiAutomatorTestRunner\r\nINSTRUMENTATION_STATUS: class=com.test.TestButton3\r\nINSTRUMENTATION_STATUS: stream=\r\ncom.test.TestButton3:\r\nINSTRUMENTATION_STATUS: numtests=1\r\nINSTRUMENTATION_STATUS: test=test1\r\nINSTRUMENTATION_STATUS_CODE: 1\r\nINSTRUMENTATION_STATUS: current=1\r\nINSTRUMENTATION_STATUS: id=UiAutomatorTestRunner\r\nINSTRUMENTATION_STATUS: class=com.test.TestButton3\r\nINSTRUMENTATION_STATUS: stream=.\r\nINSTRUMENTATION_STATUS: numtests=1\r\nINSTRUMENTATION_STATUS: test=test1\r\nINSTRUMENTATION_STATUS_CODE: 0\r\nINSTRUMENTATION_STATUS: stream=\r\nTest results for UiAutomatorTestRunner=.\r\nTime: 7.256\r\n\r\nOK (1 test)\r\n\r\n\r\nINSTRUMENTATION_STATUS_CODE: -1\r\n'),
(109, '2013-06-05 23:07:19', 147, 'PASSED', 1, 0, 0, 'INSTRUMENTATION_STATUS: current=1\r\nINSTRUMENTATION_STATUS: id=UiAutomatorTestRunner\r\nINSTRUMENTATION_STATUS: class=com.test.TestButton2\r\nINSTRUMENTATION_STATUS: stream=\r\ncom.test.TestButton2:\r\nINSTRUMENTATION_STATUS: numtests=1\r\nINSTRUMENTATION_STATUS: test=test1\r\nINSTRUMENTATION_STATUS_CODE: 1\r\nINSTRUMENTATION_STATUS: current=1\r\nINSTRUMENTATION_STATUS: id=UiAutomatorTestRunner\r\nINSTRUMENTATION_STATUS: class=com.test.TestButton2\r\nINSTRUMENTATION_STATUS: stream=.\r\nINSTRUMENTATION_STATUS: numtests=1\r\nINSTRUMENTATION_STATUS: test=test1\r\nINSTRUMENTATION_STATUS_CODE: 0\r\nINSTRUMENTATION_STATUS: stream=\r\nTest results for UiAutomatorTestRunner=.\r\nTime: 7.354\r\n\r\nOK (1 test)\r\n\r\n\r\nINSTRUMENTATION_STATUS_CODE: -1\r\n'),
(110, '2013-06-05 23:08:45', 152, 'PASSED', 4, 0, 0, 'INSTRUMENTATION_STATUS: current=1\r\nINSTRUMENTATION_STATUS: id=UiAutomatorTestRunner\r\nINSTRUMENTATION_STATUS: class=com.test.TestButton1\r\nINSTRUMENTATION_STATUS: stream=\r\ncom.test.TestButton1:\r\nINSTRUMENTATION_STATUS: numtests=4\r\nINSTRUMENTATION_STATUS: test=test1\r\nINSTRUMENTATION_STATUS_CODE: 1\r\nINSTRUMENTATION_STATUS: current=1\r\nINSTRUMENTATION_STATUS: id=UiAutomatorTestRunner\r\nINSTRUMENTATION_STATUS: class=com.test.TestButton1\r\nINSTRUMENTATION_STATUS: stream=.\r\nINSTRUMENTATION_STATUS: numtests=4\r\nINSTRUMENTATION_STATUS: test=test1\r\nINSTRUMENTATION_STATUS_CODE: 0\r\nINSTRUMENTATION_STATUS: current=2\r\nINSTRUMENTATION_STATUS: id=UiAutomatorTestRunner\r\nINSTRUMENTATION_STATUS: class=com.test.TestButton2\r\nINSTRUMENTATION_STATUS: stream=\r\ncom.test.TestButton2:\r\nINSTRUMENTATION_STATUS: numtests=4\r\nINSTRUMENTATION_STATUS: test=test1\r\nINSTRUMENTATION_STATUS_CODE: 1\r\nINSTRUMENTATION_STATUS: current=2\r\nINSTRUMENTATION_STATUS: id=UiAutomatorTestRunner\r\nINSTRUMENTATION_STATUS: class=com.test.TestButton2\r\nINSTRUMENTATION_STATUS: stream=.\r\nINSTRUMENTATION_STATUS: numtests=4\r\nINSTRUMENTATION_STATUS: test=test1\r\nINSTRUMENTATION_STATUS_CODE: 0\r\nINSTRUMENTATION_STATUS: current=3\r\nINSTRUMENTATION_STATUS: id=UiAutomatorTestRunner\r\nINSTRUMENTATION_STATUS: class=com.test.TestButton3\r\nINSTRUMENTATION_STATUS: stream=\r\ncom.test.TestButton3:\r\nINSTRUMENTATION_STATUS: numtests=4\r\nINSTRUMENTATION_STATUS: test=test1\r\nINSTRUMENTATION_STATUS_CODE: 1\r\nINSTRUMENTATION_STATUS: current=3\r\nINSTRUMENTATION_STATUS: id=UiAutomatorTestRunner\r\nINSTRUMENTATION_STATUS: class=com.test.TestButton3\r\nINSTRUMENTATION_STATUS: stream=.\r\nINSTRUMENTATION_STATUS: numtests=4\r\nINSTRUMENTATION_STATUS: test=test1\r\nINSTRUMENTATION_STATUS_CODE: 0\r\nINSTRUMENTATION_STATUS: current=4\r\nINSTRUMENTATION_STATUS: id=UiAutomatorTestRunner\r\nINSTRUMENTATION_STATUS: class=com.test.TestButton4\r\nINSTRUMENTATION_STATUS: stream=\r\ncom.test.TestButton4:\r\nINSTRUMENTATION_STATUS: numtests=4\r\nINSTRUMENTATION_STATUS: test=test1\r\nINSTRUMENTATION_STATUS_CODE: 1\r\nINSTRUMENTATION_STATUS: current=4\r\nINSTRUMENTATION_STATUS: id=UiAutomatorTestRunner\r\nINSTRUMENTATION_STATUS: class=com.test.TestButton4\r\nINSTRUMENTATION_STATUS: stream=.\r\nINSTRUMENTATION_STATUS: numtests=4\r\nINSTRUMENTATION_STATUS: test=test1\r\nINSTRUMENTATION_STATUS_CODE: 0\r\nINSTRUMENTATION_STATUS: stream=\r\nTest results for UiAutomatorTestRunner=....\r\nTime: 28.098\r\n\r\nOK (4 tests)\r\n\r\n\r\nINSTRUMENTATION_STATUS_CODE: -1\r\n'),
(111, '2013-06-05 23:08:46', 151, 'PASSED', 4, 0, 0, 'INSTRUMENTATION_STATUS: current=1\r\nINSTRUMENTATION_STATUS: id=UiAutomatorTestRunner\r\nINSTRUMENTATION_STATUS: class=com.test.TestButton1\r\nINSTRUMENTATION_STATUS: stream=\r\ncom.test.TestButton1:\r\nINSTRUMENTATION_STATUS: numtests=4\r\nINSTRUMENTATION_STATUS: test=test1\r\nINSTRUMENTATION_STATUS_CODE: 1\r\nINSTRUMENTATION_STATUS: current=1\r\nINSTRUMENTATION_STATUS: id=UiAutomatorTestRunner\r\nINSTRUMENTATION_STATUS: class=com.test.TestButton1\r\nINSTRUMENTATION_STATUS: stream=.\r\nINSTRUMENTATION_STATUS: numtests=4\r\nINSTRUMENTATION_STATUS: test=test1\r\nINSTRUMENTATION_STATUS_CODE: 0\r\nINSTRUMENTATION_STATUS: current=2\r\nINSTRUMENTATION_STATUS: id=UiAutomatorTestRunner\r\nINSTRUMENTATION_STATUS: class=com.test.TestButton2\r\nINSTRUMENTATION_STATUS: stream=\r\ncom.test.TestButton2:\r\nINSTRUMENTATION_STATUS: numtests=4\r\nINSTRUMENTATION_STATUS: test=test1\r\nINSTRUMENTATION_STATUS_CODE: 1\r\nINSTRUMENTATION_STATUS: current=2\r\nINSTRUMENTATION_STATUS: id=UiAutomatorTestRunner\r\nINSTRUMENTATION_STATUS: class=com.test.TestButton2\r\nINSTRUMENTATION_STATUS: stream=.\r\nINSTRUMENTATION_STATUS: numtests=4\r\nINSTRUMENTATION_STATUS: test=test1\r\nINSTRUMENTATION_STATUS_CODE: 0\r\nINSTRUMENTATION_STATUS: current=3\r\nINSTRUMENTATION_STATUS: id=UiAutomatorTestRunner\r\nINSTRUMENTATION_STATUS: class=com.test.TestButton3\r\nINSTRUMENTATION_STATUS: stream=\r\ncom.test.TestButton3:\r\nINSTRUMENTATION_STATUS: numtests=4\r\nINSTRUMENTATION_STATUS: test=test1\r\nINSTRUMENTATION_STATUS_CODE: 1\r\nINSTRUMENTATION_STATUS: current=3\r\nINSTRUMENTATION_STATUS: id=UiAutomatorTestRunner\r\nINSTRUMENTATION_STATUS: class=com.test.TestButton3\r\nINSTRUMENTATION_STATUS: stream=.\r\nINSTRUMENTATION_STATUS: numtests=4\r\nINSTRUMENTATION_STATUS: test=test1\r\nINSTRUMENTATION_STATUS_CODE: 0\r\nINSTRUMENTATION_STATUS: current=4\r\nINSTRUMENTATION_STATUS: id=UiAutomatorTestRunner\r\nINSTRUMENTATION_STATUS: class=com.test.TestButton4\r\nINSTRUMENTATION_STATUS: stream=\r\ncom.test.TestButton4:\r\nINSTRUMENTATION_STATUS: numtests=4\r\nINSTRUMENTATION_STATUS: test=test1\r\nINSTRUMENTATION_STATUS_CODE: 1\r\nINSTRUMENTATION_STATUS: current=4\r\nINSTRUMENTATION_STATUS: id=UiAutomatorTestRunner\r\nINSTRUMENTATION_STATUS: class=com.test.TestButton4\r\nINSTRUMENTATION_STATUS: stream=.\r\nINSTRUMENTATION_STATUS: numtests=4\r\nINSTRUMENTATION_STATUS: test=test1\r\nINSTRUMENTATION_STATUS_CODE: 0\r\nINSTRUMENTATION_STATUS: stream=\r\nTest results for UiAutomatorTestRunner=....\r\nTime: 28.556\r\n\r\nOK (4 tests)\r\n\r\n\r\nINSTRUMENTATION_STATUS_CODE: -1\r\n'),
(112, '2013-06-05 23:08:46', 153, 'PASSED', 4, 0, 0, 'INSTRUMENTATION_STATUS: current=1\r\nINSTRUMENTATION_STATUS: id=UiAutomatorTestRunner\r\nINSTRUMENTATION_STATUS: class=com.test.TestButton1\r\nINSTRUMENTATION_STATUS: stream=\r\ncom.test.TestButton1:\r\nINSTRUMENTATION_STATUS: numtests=4\r\nINSTRUMENTATION_STATUS: test=test1\r\nINSTRUMENTATION_STATUS_CODE: 1\r\nINSTRUMENTATION_STATUS: current=1\r\nINSTRUMENTATION_STATUS: id=UiAutomatorTestRunner\r\nINSTRUMENTATION_STATUS: class=com.test.TestButton1\r\nINSTRUMENTATION_STATUS: stream=.\r\nINSTRUMENTATION_STATUS: numtests=4\r\nINSTRUMENTATION_STATUS: test=test1\r\nINSTRUMENTATION_STATUS_CODE: 0\r\nINSTRUMENTATION_STATUS: current=2\r\nINSTRUMENTATION_STATUS: id=UiAutomatorTestRunner\r\nINSTRUMENTATION_STATUS: class=com.test.TestButton2\r\nINSTRUMENTATION_STATUS: stream=\r\ncom.test.TestButton2:\r\nINSTRUMENTATION_STATUS: numtests=4\r\nINSTRUMENTATION_STATUS: test=test1\r\nINSTRUMENTATION_STATUS_CODE: 1\r\nINSTRUMENTATION_STATUS: current=2\r\nINSTRUMENTATION_STATUS: id=UiAutomatorTestRunner\r\nINSTRUMENTATION_STATUS: class=com.test.TestButton2\r\nINSTRUMENTATION_STATUS: stream=.\r\nINSTRUMENTATION_STATUS: numtests=4\r\nINSTRUMENTATION_STATUS: test=test1\r\nINSTRUMENTATION_STATUS_CODE: 0\r\nINSTRUMENTATION_STATUS: current=3\r\nINSTRUMENTATION_STATUS: id=UiAutomatorTestRunner\r\nINSTRUMENTATION_STATUS: class=com.test.TestButton3\r\nINSTRUMENTATION_STATUS: stream=\r\ncom.test.TestButton3:\r\nINSTRUMENTATION_STATUS: numtests=4\r\nINSTRUMENTATION_STATUS: test=test1\r\nINSTRUMENTATION_STATUS_CODE: 1\r\nINSTRUMENTATION_STATUS: current=3\r\nINSTRUMENTATION_STATUS: id=UiAutomatorTestRunner\r\nINSTRUMENTATION_STATUS: class=com.test.TestButton3\r\nINSTRUMENTATION_STATUS: stream=.\r\nINSTRUMENTATION_STATUS: numtests=4\r\nINSTRUMENTATION_STATUS: test=test1\r\nINSTRUMENTATION_STATUS_CODE: 0\r\nINSTRUMENTATION_STATUS: current=4\r\nINSTRUMENTATION_STATUS: id=UiAutomatorTestRunner\r\nINSTRUMENTATION_STATUS: class=com.test.TestButton4\r\nINSTRUMENTATION_STATUS: stream=\r\ncom.test.TestButton4:\r\nINSTRUMENTATION_STATUS: numtests=4\r\nINSTRUMENTATION_STATUS: test=test1\r\nINSTRUMENTATION_STATUS_CODE: 1\r\nINSTRUMENTATION_STATUS: current=4\r\nINSTRUMENTATION_STATUS: id=UiAutomatorTestRunner\r\nINSTRUMENTATION_STATUS: class=com.test.TestButton4\r\nINSTRUMENTATION_STATUS: stream=.\r\nINSTRUMENTATION_STATUS: numtests=4\r\nINSTRUMENTATION_STATUS: test=test1\r\nINSTRUMENTATION_STATUS_CODE: 0\r\nINSTRUMENTATION_STATUS: stream=\r\nTest results for UiAutomatorTestRunner=....\r\nTime: 29.345\r\n\r\nOK (4 tests)\r\n\r\n\r\nINSTRUMENTATION_STATUS_CODE: -1\r\n'),
(113, '2013-06-05 23:08:47', 150, 'PASSED', 4, 0, 0, 'INSTRUMENTATION_STATUS: current=1\r\nINSTRUMENTATION_STATUS: id=UiAutomatorTestRunner\r\nINSTRUMENTATION_STATUS: class=com.test.TestButton1\r\nINSTRUMENTATION_STATUS: stream=\r\ncom.test.TestButton1:\r\nINSTRUMENTATION_STATUS: numtests=4\r\nINSTRUMENTATION_STATUS: test=test1\r\nINSTRUMENTATION_STATUS_CODE: 1\r\nINSTRUMENTATION_STATUS: current=1\r\nINSTRUMENTATION_STATUS: id=UiAutomatorTestRunner\r\nINSTRUMENTATION_STATUS: class=com.test.TestButton1\r\nINSTRUMENTATION_STATUS: stream=.\r\nINSTRUMENTATION_STATUS: numtests=4\r\nINSTRUMENTATION_STATUS: test=test1\r\nINSTRUMENTATION_STATUS_CODE: 0\r\nINSTRUMENTATION_STATUS: current=2\r\nINSTRUMENTATION_STATUS: id=UiAutomatorTestRunner\r\nINSTRUMENTATION_STATUS: class=com.test.TestButton2\r\nINSTRUMENTATION_STATUS: stream=\r\ncom.test.TestButton2:\r\nINSTRUMENTATION_STATUS: numtests=4\r\nINSTRUMENTATION_STATUS: test=test1\r\nINSTRUMENTATION_STATUS_CODE: 1\r\nINSTRUMENTATION_STATUS: current=2\r\nINSTRUMENTATION_STATUS: id=UiAutomatorTestRunner\r\nINSTRUMENTATION_STATUS: class=com.test.TestButton2\r\nINSTRUMENTATION_STATUS: stream=.\r\nINSTRUMENTATION_STATUS: numtests=4\r\nINSTRUMENTATION_STATUS: test=test1\r\nINSTRUMENTATION_STATUS_CODE: 0\r\nINSTRUMENTATION_STATUS: current=3\r\nINSTRUMENTATION_STATUS: id=UiAutomatorTestRunner\r\nINSTRUMENTATION_STATUS: class=com.test.TestButton3\r\nINSTRUMENTATION_STATUS: stream=\r\ncom.test.TestButton3:\r\nINSTRUMENTATION_STATUS: numtests=4\r\nINSTRUMENTATION_STATUS: test=test1\r\nINSTRUMENTATION_STATUS_CODE: 1\r\nINSTRUMENTATION_STATUS: current=3\r\nINSTRUMENTATION_STATUS: id=UiAutomatorTestRunner\r\nINSTRUMENTATION_STATUS: class=com.test.TestButton3\r\nINSTRUMENTATION_STATUS: stream=.\r\nINSTRUMENTATION_STATUS: numtests=4\r\nINSTRUMENTATION_STATUS: test=test1\r\nINSTRUMENTATION_STATUS_CODE: 0\r\nINSTRUMENTATION_STATUS: current=4\r\nINSTRUMENTATION_STATUS: id=UiAutomatorTestRunner\r\nINSTRUMENTATION_STATUS: class=com.test.TestButton4\r\nINSTRUMENTATION_STATUS: stream=\r\ncom.test.TestButton4:\r\nINSTRUMENTATION_STATUS: numtests=4\r\nINSTRUMENTATION_STATUS: test=test1\r\nINSTRUMENTATION_STATUS_CODE: 1\r\nINSTRUMENTATION_STATUS: current=4\r\nINSTRUMENTATION_STATUS: id=UiAutomatorTestRunner\r\nINSTRUMENTATION_STATUS: class=com.test.TestButton4\r\nINSTRUMENTATION_STATUS: stream=.\r\nINSTRUMENTATION_STATUS: numtests=4\r\nINSTRUMENTATION_STATUS: test=test1\r\nINSTRUMENTATION_STATUS_CODE: 0\r\nINSTRUMENTATION_STATUS: stream=\r\nTest results for UiAutomatorTestRunner=....\r\nTime: 29.991\r\n\r\nOK (4 tests)\r\n\r\n\r\nINSTRUMENTATION_STATUS_CODE: -1\r\n');

-- --------------------------------------------------------

--
-- Table structure for table `device_os`
--

CREATE TABLE IF NOT EXISTS `device_os` (
  `deviceos_id` bigint(11) NOT NULL AUTO_INCREMENT,
  `name` char(255) NOT NULL,
  PRIMARY KEY (`deviceos_id`)
) ENGINE=InnoDB DEFAULT CHARSET=latin1 AUTO_INCREMENT=1 ;

-- --------------------------------------------------------

--
-- Table structure for table `device_sharing`
--

CREATE TABLE IF NOT EXISTS `device_sharing` (
  `device_sharing_id` bigint(20) NOT NULL AUTO_INCREMENT,
  `device_id` bigint(20) NOT NULL,
  `user_id` bigint(20) NOT NULL,
  PRIMARY KEY (`device_sharing_id`),
  UNIQUE KEY `device_id` (`device_id`,`user_id`)
) ENGINE=InnoDB  DEFAULT CHARSET=latin1 AUTO_INCREMENT=40 ;

--
-- Dumping data for table `device_sharing`
--

INSERT INTO `device_sharing` (`device_sharing_id`, `device_id`, `user_id`) VALUES
(35, 228, 1),
(32, 229, 1),
(33, 230, 1),
(34, 231, 1),
(36, 235, 1),
(37, 240, 1),
(38, 241, 1),
(39, 242, 1);

-- --------------------------------------------------------

--
-- Table structure for table `device_type`
--

CREATE TABLE IF NOT EXISTS `device_type` (
  `id` bigint(11) NOT NULL AUTO_INCREMENT,
  `model` char(100) NOT NULL,
  `manufacture` char(100) NOT NULL,
  `updated` timestamp NOT NULL DEFAULT CURRENT_TIMESTAMP ON UPDATE CURRENT_TIMESTAMP,
  PRIMARY KEY (`id`)
) ENGINE=InnoDB  DEFAULT CHARSET=latin1 AUTO_INCREMENT=13 ;

--
-- Dumping data for table `device_type`
--

INSERT INTO `device_type` (`id`, `model`, `manufacture`, `updated`) VALUES
(11, 'Amazon Kindle Fire', 'unknown', '2013-05-09 18:51:40'),
(12, 'Android SDK built for x86', 'unknown', '2013-05-09 18:51:40');

-- --------------------------------------------------------

--
-- Table structure for table `results`
--

CREATE TABLE IF NOT EXISTS `results` (
  `result_id` bigint(20) NOT NULL AUTO_INCREMENT,
  `state` enum('PASSED','FAILED''','') NOT NULL,
  `metadata` longtext NOT NULL COMMENT 'json string of metadata values',
  `test_id` bigint(20) NOT NULL,
  PRIMARY KEY (`result_id`)
) ENGINE=InnoDB DEFAULT CHARSET=latin1 AUTO_INCREMENT=1 ;

-- --------------------------------------------------------

--
-- Table structure for table `testconfig`
--

CREATE TABLE IF NOT EXISTS `testconfig` (
  `test_config_id` bigint(20) NOT NULL AUTO_INCREMENT,
  `test_config_name` varchar(255) NOT NULL,
  `user_id` bigint(11) NOT NULL,
  `test_script_id` bigint(20) NOT NULL,
  `test_target_id` bigint(20) NOT NULL,
  `test_profile_id` bigint(11) NOT NULL,
  `metadata` longtext CHARACTER SET utf16 COLLATE utf16_unicode_ci,
  `updated` timestamp NOT NULL DEFAULT CURRENT_TIMESTAMP ON UPDATE CURRENT_TIMESTAMP,
  PRIMARY KEY (`test_config_id`)
) ENGINE=InnoDB  DEFAULT CHARSET=latin1 AUTO_INCREMENT=45 ;

--
-- Dumping data for table `testconfig`
--

INSERT INTO `testconfig` (`test_config_id`, `test_config_name`, `user_id`, `test_script_id`, `test_target_id`, `test_profile_id`, `metadata`, `updated`) VALUES
(40, 'Config1', 1, 43, 43, 11, NULL, '2013-05-09 18:52:51'),
(41, 'fast', 1, 43, 43, 11, NULL, '2013-06-05 21:47:18'),
(42, 'slow', 1, 43, 43, 12, NULL, '2013-06-05 21:47:24'),
(43, 'slow', 1, 50, 43, 12, NULL, '2013-06-05 22:00:30'),
(44, 'fast', 1, 50, 43, 11, NULL, '2013-06-05 22:00:37');

-- --------------------------------------------------------

--
-- Table structure for table `testprofile`
--

CREATE TABLE IF NOT EXISTS `testprofile` (
  `id` bigint(11) NOT NULL AUTO_INCREMENT,
  `user_id` bigint(20) NOT NULL,
  `name` varchar(255) NOT NULL,
  `mode` enum('NORMAL','FAST') NOT NULL COMMENT 'simple, fast',
  `updated` timestamp NOT NULL DEFAULT CURRENT_TIMESTAMP ON UPDATE CURRENT_TIMESTAMP,
  `metadata` longtext,
  PRIMARY KEY (`id`)
) ENGINE=InnoDB  DEFAULT CHARSET=latin1 AUTO_INCREMENT=13 ;

--
-- Dumping data for table `testprofile`
--

INSERT INTO `testprofile` (`id`, `user_id`, `name`, `mode`, `updated`, `metadata`) VALUES
(11, 1, 'Profile1', 'FAST', '2013-05-09 18:52:37', NULL),
(12, 1, 'slow', 'NORMAL', '2013-06-05 21:46:51', NULL);

-- --------------------------------------------------------

--
-- Table structure for table `testprofile_devices`
--

CREATE TABLE IF NOT EXISTS `testprofile_devices` (
  `id` int(11) NOT NULL AUTO_INCREMENT,
  `testprofile_id` bigint(20) NOT NULL,
  `devicetype_id` bigint(11) NOT NULL,
  PRIMARY KEY (`id`),
  UNIQUE KEY `testprofile_id` (`testprofile_id`,`devicetype_id`)
) ENGINE=InnoDB  DEFAULT CHARSET=latin1 AUTO_INCREMENT=8 ;

--
-- Dumping data for table `testprofile_devices`
--

INSERT INTO `testprofile_devices` (`id`, `testprofile_id`, `devicetype_id`) VALUES
(1, 10, 8),
(2, 10, 9),
(3, 10, 10),
(4, 11, 11),
(5, 11, 12),
(6, 12, 11),
(7, 12, 12);

-- --------------------------------------------------------

--
-- Table structure for table `testrun`
--

CREATE TABLE IF NOT EXISTS `testrun` (
  `id` bigint(20) NOT NULL AUTO_INCREMENT,
  `user_id` bigint(20) NOT NULL,
  `test_config_id` bigint(20) NOT NULL,
  `created` datetime NOT NULL,
  `updated` timestamp NOT NULL DEFAULT CURRENT_TIMESTAMP ON UPDATE CURRENT_TIMESTAMP,
  `status` enum('WAITING','RUNNING','FINISHED') NOT NULL DEFAULT 'WAITING',
  PRIMARY KEY (`id`),
  KEY `config_id` (`test_config_id`)
) ENGINE=InnoDB  DEFAULT CHARSET=latin1 AUTO_INCREMENT=138 ;

--
-- Dumping data for table `testrun`
--

INSERT INTO `testrun` (`id`, `user_id`, `test_config_id`, `created`, `updated`, `status`) VALUES
(119, 1, 43, '2013-06-06 00:25:29', '2013-06-05 22:25:29', 'WAITING'),
(120, 1, 43, '2013-06-06 00:26:06', '2013-06-05 22:26:06', 'WAITING'),
(121, 1, 44, '2013-06-06 00:29:03', '2013-06-05 22:29:03', 'WAITING'),
(122, 1, 44, '2013-06-06 00:29:58', '2013-06-05 22:29:58', 'WAITING'),
(123, 1, 44, '2013-06-06 00:32:16', '2013-06-05 22:32:16', 'WAITING'),
(124, 1, 43, '2013-06-06 00:32:19', '2013-06-05 22:32:19', 'WAITING'),
(125, 1, 44, '2013-06-06 00:33:04', '2013-06-05 22:33:04', 'WAITING'),
(126, 1, 44, '2013-06-06 00:35:36', '2013-06-05 22:35:36', 'WAITING'),
(127, 1, 44, '2013-06-06 00:41:12', '2013-06-05 22:41:12', 'WAITING'),
(128, 1, 44, '2013-06-06 00:54:52', '2013-06-05 22:54:52', 'WAITING'),
(129, 1, 44, '2013-06-06 01:01:02', '2013-06-05 23:01:34', 'FINISHED'),
(130, 1, 44, '2013-06-06 01:01:40', '2013-06-05 23:02:09', 'FINISHED'),
(131, 1, 44, '2013-06-06 01:02:48', '2013-06-05 23:03:18', 'FINISHED'),
(132, 1, 44, '2013-06-06 01:03:39', '2013-06-05 23:03:56', 'FINISHED'),
(133, 1, 44, '2013-06-06 01:04:08', '2013-06-05 23:04:25', 'FINISHED'),
(134, 1, 44, '2013-06-06 01:04:10', '2013-06-05 23:04:40', 'FINISHED'),
(135, 1, 44, '2013-06-06 01:06:43', '2013-06-05 23:06:55', 'FINISHED'),
(136, 1, 44, '2013-06-06 01:07:09', '2013-06-05 23:07:19', 'FINISHED'),
(137, 1, 43, '2013-06-06 01:08:16', '2013-06-05 23:08:47', 'FINISHED');

-- --------------------------------------------------------

--
-- Table structure for table `testscript`
--

CREATE TABLE IF NOT EXISTS `testscript` (
  `id` bigint(11) NOT NULL AUTO_INCREMENT,
  `name` varchar(255) DEFAULT NULL,
  `path` char(255) DEFAULT NULL,
  `file_name` char(255) DEFAULT NULL,
  `user_id` bigint(11) NOT NULL,
  `classes` text,
  `updated` timestamp NOT NULL DEFAULT '0000-00-00 00:00:00' ON UPDATE CURRENT_TIMESTAMP,
  PRIMARY KEY (`id`)
) ENGINE=InnoDB  DEFAULT CHARSET=latin1 AUTO_INCREMENT=51 ;

--
-- Dumping data for table `testscript`
--

INSERT INTO `testscript` (`id`, `name`, `path`, `file_name`, `user_id`, `classes`, `updated`) VALUES
(50, '4button', '/home/saulius/Documents/cbt/storage/1//ts-50//uiautomator-50.jar', 'uiautomator-50.jar', 1, '["com.test.TestButton1","com.test.TestButton2","com.test.TestButton3","com.test.TestButton4"]', '2013-06-05 21:59:50');

-- --------------------------------------------------------

--
-- Table structure for table `testtarget`
--

CREATE TABLE IF NOT EXISTS `testtarget` (
  `id` bigint(20) NOT NULL AUTO_INCREMENT,
  `name` varchar(255) DEFAULT NULL,
  `user_id` bigint(11) NOT NULL,
  `path` char(255) DEFAULT NULL,
  `file_name` char(255) DEFAULT NULL,
  `updated` timestamp NOT NULL DEFAULT '0000-00-00 00:00:00' ON UPDATE CURRENT_TIMESTAMP,
  `metadata` text,
  PRIMARY KEY (`id`)
) ENGINE=InnoDB  DEFAULT CHARSET=latin1 AUTO_INCREMENT=44 ;

--
-- Dumping data for table `testtarget`
--

INSERT INTO `testtarget` (`id`, `name`, `user_id`, `path`, `file_name`, `updated`, `metadata`) VALUES
(42, 'TwoButtons', 1, '/home/saulius/Documents/cbt/storage/1//tt-42//app-42.apk', 'app-42.apk', '2013-05-04 10:05:12', NULL),
(43, 'NewCbtTest', 1, '/home/saulius/Documents/cbt/storage/1//tt-43//app-43.apk', 'app-43.apk', '2013-05-04 21:06:58', NULL);

-- --------------------------------------------------------

--
-- Table structure for table `user`
--

CREATE TABLE IF NOT EXISTS `user` (
  `id` bigint(11) NOT NULL AUTO_INCREMENT,
  `name` char(30) NOT NULL,
  `password` char(255) NOT NULL,
  PRIMARY KEY (`id`),
  UNIQUE KEY `name` (`name`)
) ENGINE=InnoDB  DEFAULT CHARSET=latin1 AUTO_INCREMENT=37 ;

--
-- Dumping data for table `user`
--

INSERT INTO `user` (`id`, `name`, `password`) VALUES
(1, 'saulius', 'e979aa61a9010dbd0f7233d05098f7fc'),
(36, 'John', 'cb674f035d078d51f2ad154c7d927e96');

--
-- Constraints for dumped tables
--

--
-- Constraints for table `testrun`
--
ALTER TABLE `testrun`
  ADD CONSTRAINT `testrun_ibfk_1` FOREIGN KEY (`test_config_id`) REFERENCES `testconfig` (`test_config_id`);

/*!40101 SET CHARACTER_SET_CLIENT=@OLD_CHARACTER_SET_CLIENT */;
/*!40101 SET CHARACTER_SET_RESULTS=@OLD_CHARACTER_SET_RESULTS */;
/*!40101 SET COLLATION_CONNECTION=@OLD_COLLATION_CONNECTION */;